Year, Month, Day,     Extent,    Missing, Source Data
YYYY,    MM,  DD, 10^6 sq km, 10^6 sq km, Source data product web sites: http://nsidc.org/data/nsidc-0081.html and http://nsidc.org/data/nsidc-0051.html
2025,    08,  29,      4.828,      0.000,"['/disks/sidads_ftp/DATASETS/nsidc0803_daily_a2_seaice_conc_v2/NSIDC-0803_SEAICE_AMSR2_N_20250828_v2.0.nc', '/disks/sidads_ftp/DATASETS/nsidc0803_daily_a2_seaice_conc_v2/NSIDC-0803_SEAICE_AMSR2_N_20250829_v2.0.nc', '/disks/sidads_ftp/DATASETS/nsidc0803_daily_a2_seaice_conc_v2/NSIDC-0803_SEAICE_AMSR2_N_20250830_v2.0.nc']"
2025,    08,  30,      4.916,      0.000, ['/disks/sidads_ftp/DATASETS/nsidc0803_daily_a2_seaice_conc_v2/NSIDC-0803_SEAICE_AMSR2_N_20250830_v2.0.nc']
2025,    08,  31,      4.836,      0.000,"['/disks/sidads_ftp/DATASETS/nsidc0803_daily_a2_seaice_conc_v2/NSIDC-0803_SEAICE_AMSR2_N_20250830_v2.0.nc', '/disks/sidads_ftp/DATASETS/nsidc0803_daily_a2_seaice_conc_v2/NSIDC-0803_SEAICE_AMSR2_N_20250901_v2.0.nc']"
2025,    09,  01,      4.746,      0.000,"['/disks/sidads_ftp/DATASETS/nsidc0803_daily_a2_seaice_conc_v2/NSIDC-0803_SEAICE_AMSR2_N_20250901_v2.0.nc', '/disks/sidads_ftp/DATASETS/nsidc0803_daily_a2_seaice_conc_v2/NSIDC-0803_SEAICE_AMSR2_N_20250902_v2.0.nc']"
2025,    09,  02,      4.697,      0.000, ['/disks/sidads_ftp/DATASETS/nsidc0803_daily_a2_seaice_conc_v2/NSIDC-0803_SEAICE_AMSR2_N_20250902_v2.0.nc']
2025,    09,  03,      4.667,      0.000,"['/disks/sidads_ftp/DATASETS/nsidc0803_daily_a2_seaice_conc_v2/NSIDC-0803_SEAICE_AMSR2_N_20250902_v2.0.nc', '/disks/sidads_ftp/DATASETS/nsidc0803_daily_a2_seaice_conc_v2/NSIDC-0803_SEAICE_AMSR2_N_20250903_v2.0.nc', '/disks/sidads_ftp/DATASETS/nsidc0803_daily_a2_seaice_conc_v2/NSIDC-0803_SEAICE_AMSR2_N_20250904_v2.0.nc']"
2025,    09,  04,      4.677,      0.000,"['/disks/sidads_ftp/DATASETS/nsidc0803_daily_a2_seaice_conc_v2/NSIDC-0803_SEAICE_AMSR2_N_20250903_v2.0.nc', '/disks/sidads_ftp/DATASETS/nsidc0803_daily_a2_seaice_conc_v2/NSIDC-0803_SEAICE_AMSR2_N_20250904_v2.0.nc', '/disks/sidads_ftp/DATASETS/nsidc0803_daily_a2_seaice_conc_v2/NSIDC-0803_SEAICE_AMSR2_N_20250905_v2.0.nc']"
2025,    09,  05,      4.627,      0.000,"['/disks/sidads_ftp/DATASETS/nsidc0803_daily_a2_seaice_conc_v2/NSIDC-0803_SEAICE_AMSR2_N_20250904_v2.0.nc', '/disks/sidads_ftp/DATASETS/nsidc0803_daily_a2_seaice_conc_v2/NSIDC-0803_SEAICE_AMSR2_N_20250905_v2.0.nc', '/disks/sidads_ftp/DATASETS/nsidc0803_daily_a2_seaice_conc_v2/NSIDC-0803_SEAICE_AMSR2_N_20250906_v2.0.nc']"
2025,    09,  06,      4.664,      0.000, ['/disks/sidads_ftp/DATASETS/nsidc0803_daily_a2_seaice_conc_v2/NSIDC-0803_SEAICE_AMSR2_N_20250906_v2.0.nc']
2025,    09,  07,      4.624,      0.000,"['/disks/sidads_ftp/DATASETS/nsidc0803_daily_a2_seaice_conc_v2/NSIDC-0803_SEAICE_AMSR2_N_20250906_v2.0.nc', '/disks/sidads_ftp/DATASETS/nsidc0803_daily_a2_seaice_conc_v2/NSIDC-0803_SEAICE_AMSR2_N_20250907_v2.0.nc', '/disks/sidads_ftp/DATASETS/nsidc0803_daily_a2_seaice_conc_v2/NSIDC-0803_SEAICE_AMSR2_N_20250908_v2.0.nc']"
2025,    09,  08,      4.543,      0.000,"['/disks/sidads_ftp/DATASETS/nsidc0803_daily_a2_seaice_conc_v2/NSIDC-0803_SEAICE_AMSR2_N_20250907_v2.0.nc', '/disks/sidads_ftp/DATASETS/nsidc0803_daily_a2_seaice_conc_v2/NSIDC-0803_SEAICE_AMSR2_N_20250908_v2.0.nc', '/disks/sidads_ftp/DATASETS/nsidc0803_daily_a2_seaice_conc_v2/NSIDC-0803_SEAICE_AMSR2_N_20250909_v2.0.nc']"
2025,    09,  09,      4.560,      0.000, ['/disks/sidads_ftp/DATASETS/nsidc0803_daily_a2_seaice_conc_v2/NSIDC-0803_SEAICE_AMSR2_N_20250909_v2.0.nc']
2025,    09,  10,      4.618,      0.000,"['/disks/sidads_ftp/DATASETS/nsidc0803_daily_a2_seaice_conc_v2/NSIDC-0803_SEAICE_AMSR2_N_20250909_v2.0.nc', '/disks/sidads_ftp/DATASETS/nsidc0803_daily_a2_seaice_conc_v2/NSIDC-0803_SEAICE_AMSR2_N_20250910_v2.0.nc', '/disks/sidads_ftp/DATASETS/nsidc0803_daily_a2_seaice_conc_v2/NSIDC-0803_SEAICE_AMSR2_N_20250911_v2.0.nc']"
2025,    09,  11,      4.671,      0.000, ['/disks/sidads_ftp/DATASETS/nsidc0803_daily_a2_seaice_conc_v2/NSIDC-0803_SEAICE_AMSR2_N_20250911_v2.0.nc']
2025,    09,  12,      4.626,      0.000,"['/disks/sidads_ftp/DATASETS/nsidc0803_daily_a2_seaice_conc_v2/NSIDC-0803_SEAICE_AMSR2_N_20250911_v2.0.nc', '/disks/sidads_ftp/DATASETS/nsidc0803_daily_a2_seaice_conc_v2/NSIDC-0803_SEAICE_AMSR2_N_20250912_v2.0.nc', '/disks/sidads_ftp/DATASETS/nsidc0803_daily_a2_seaice_conc_v2/NSIDC-0803_SEAICE_AMSR2_N_20250913_v2.0.nc']"
2025,    09,  13,      4.693,      0.000, ['/disks/sidads_ftp/DATASETS/nsidc0803_daily_a2_seaice_conc_v2/NSIDC-0803_SEAICE_AMSR2_N_20250913_v2.0.nc']
2025,    09,  14,      4.657,      0.000,"['/disks/sidads_ftp/DATASETS/nsidc0803_daily_a2_seaice_conc_v2/NSIDC-0803_SEAICE_AMSR2_N_20250913_v2.0.nc', '/disks/sidads_ftp/DATASETS/nsidc0803_daily_a2_seaice_conc_v2/NSIDC-0803_SEAICE_AMSR2_N_20250914_v2.0.nc', '/disks/sidads_ftp/DATASETS/nsidc0803_daily_a2_seaice_conc_v2/NSIDC-0803_SEAICE_AMSR2_N_20250915_v2.0.nc']"
2025,    09,  15,      4.691,      0.000, ['/disks/sidads_ftp/DATASETS/nsidc0803_daily_a2_seaice_conc_v2/NSIDC-0803_SEAICE_AMSR2_N_20250915_v2.0.nc']
2025,    09,  16,      4.690,      0.000,"['/disks/sidads_ftp/DATASETS/nsidc0803_daily_a2_seaice_conc_v2/NSIDC-0803_SEAICE_AMSR2_N_20250915_v2.0.nc', '/disks/sidads_ftp/DATASETS/nsidc0803_daily_a2_seaice_conc_v2/NSIDC-0803_SEAICE_AMSR2_N_20250916_v2.0.nc', '/disks/sidads_ftp/DATASETS/nsidc0803_daily_a2_seaice_conc_v2/NSIDC-0803_SEAICE_AMSR2_N_20250917_v2.0.nc']"
2025,    09,  17,      4.724,      0.000,"['/disks/sidads_ftp/DATASETS/nsidc0803_daily_a2_seaice_conc_v2/NSIDC-0803_SEAICE_AMSR2_N_20250916_v2.0.nc', '/disks/sidads_ftp/DATASETS/nsidc0803_daily_a2_seaice_conc_v2/NSIDC-0803_SEAICE_AMSR2_N_20250917_v2.0.nc', '/disks/sidads_ftp/DATASETS/nsidc0803_daily_a2_seaice_conc_v2/NSIDC-0803_SEAICE_AMSR2_N_20250918_v2.0.nc']"
2025,    09,  18,      4.688,      0.000, ['/disks/sidads_ftp/DATASETS/nsidc0803_daily_a2_seaice_conc_v2/NSIDC-0803_SEAICE_AMSR2_N_20250918_v2.0.nc']
2025,    09,  19,      4.768,      0.000,"['/disks/sidads_ftp/DATASETS/nsidc0803_daily_a2_seaice_conc_v2/NSIDC-0803_SEAICE_AMSR2_N_20250918_v2.0.nc', '/disks/sidads_ftp/DATASETS/nsidc0803_daily_a2_seaice_conc_v2/NSIDC-0803_SEAICE_AMSR2_N_20250919_v2.0.nc', '/disks/sidads_ftp/DATASETS/nsidc0803_daily_a2_seaice_conc_v2/NSIDC-0803_SEAICE_AMSR2_N_20250920_v2.0.nc']"
2025,    09,  20,      4.780,      0.000, ['/disks/sidads_ftp/DATASETS/nsidc0803_daily_a2_seaice_conc_v2/NSIDC-0803_SEAICE_AMSR2_N_20250920_v2.0.nc']
2025,    09,  21,      4.812,      0.000,"['/disks/sidads_ftp/DATASETS/nsidc0803_daily_a2_seaice_conc_v2/NSIDC-0803_SEAICE_AMSR2_N_20250920_v2.0.nc', '/disks/sidads_ftp/DATASETS/nsidc0803_daily_a2_seaice_conc_v2/NSIDC-0803_SEAICE_AMSR2_N_20250921_v2.0.nc', '/disks/sidads_ftp/DATASETS/nsidc0803_daily_a2_seaice_conc_v2/NSIDC-0803_SEAICE_AMSR2_N_20250922_v2.0.nc']"
2025,    09,  22,      4.825,      0.000,"['/disks/sidads_ftp/DATASETS/nsidc0803_daily_a2_seaice_conc_v2/NSIDC-0803_SEAICE_AMSR2_N_20250921_v2.0.nc', '/disks/sidads_ftp/DATASETS/nsidc0803_daily_a2_seaice_conc_v2/NSIDC-0803_SEAICE_AMSR2_N_20250922_v2.0.nc', '/disks/sidads_ftp/DATASETS/nsidc0803_daily_a2_seaice_conc_v2/NSIDC-0803_SEAICE_AMSR2_N_20250923_v2.0.nc']"
2025,    09,  23,      4.845,      0.000,"['/disks/sidads_ftp/DATASETS/nsidc0803_daily_a2_seaice_conc_v2/NSIDC-0803_SEAICE_AMSR2_N_20250922_v2.0.nc', '/disks/sidads_ftp/DATASETS/nsidc0803_daily_a2_seaice_conc_v2/NSIDC-0803_SEAICE_AMSR2_N_20250923_v2.0.nc', '/disks/sidads_ftp/DATASETS/nsidc0803_daily_a2_seaice_conc_v2/NSIDC-0803_SEAICE_AMSR2_N_20250924_v2.0.nc']"
2025,    09,  24,      4.760,      0.000,"['/disks/sidads_ftp/DATASETS/nsidc0803_daily_a2_seaice_conc_v2/NSIDC-0803_SEAICE_AMSR2_N_20250923_v2.0.nc', '/disks/sidads_ftp/DATASETS/nsidc0803_daily_a2_seaice_conc_v2/NSIDC-0803_SEAICE_AMSR2_N_20250924_v2.0.nc', '/disks/sidads_ftp/DATASETS/nsidc0803_daily_a2_seaice_conc_v2/NSIDC-0803_SEAICE_AMSR2_N_20250925_v2.0.nc']"
2025,    09,  25,      4.817,      0.000, ['/disks/sidads_ftp/DATASETS/nsidc0803_daily_a2_seaice_conc_v2/NSIDC-0803_SEAICE_AMSR2_N_20250925_v2.0.nc']
2025,    09,  26,      4.871,      0.000,"['/disks/sidads_ftp/DATASETS/nsidc0803_daily_a2_seaice_conc_v2/NSIDC-0803_SEAICE_AMSR2_N_20250925_v2.0.nc', '/disks/sidads_ftp/DATASETS/nsidc0803_daily_a2_seaice_conc_v2/NSIDC-0803_SEAICE_AMSR2_N_20250926_v2.0.nc', '/disks/sidads_ftp/DATASETS/nsidc0803_daily_a2_seaice_conc_v2/NSIDC-0803_SEAICE_AMSR2_N_20250927_v2.0.nc']"
2025,    09,  27,      4.919,      0.000, ['/disks/sidads_ftp/DATASETS/nsidc0803_daily_a2_seaice_conc_v2/NSIDC-0803_SEAICE_AMSR2_N_20250927_v2.0.nc']
2025,    09,  28,      4.991,      0.000,"['/disks/sidads_ftp/DATASETS/nsidc0803_daily_a2_seaice_conc_v2/NSIDC-0803_SEAICE_AMSR2_N_20250927_v2.0.nc', '/disks/sidads_ftp/DATASETS/nsidc0803_daily_a2_seaice_conc_v2/NSIDC-0803_SEAICE_AMSR2_N_20250928_v2.0.nc', '/disks/sidads_ftp/DATASETS/nsidc0803_daily_a2_seaice_conc_v2/NSIDC-0803_SEAICE_AMSR2_N_20250929_v2.0.nc']"
2025,    09,  29,      5.054,      0.000, ['/disks/sidads_ftp/DATASETS/nsidc0803_daily_a2_seaice_conc_v2/NSIDC-0803_SEAICE_AMSR2_N_20250929_v2.0.nc']
2025,    09,  30,      5.112,      0.000,"['/disks/sidads_ftp/DATASETS/nsidc0803_daily_a2_seaice_conc_v2/NSIDC-0803_SEAICE_AMSR2_N_20250929_v2.0.nc', '/disks/sidads_ftp/DATASETS/nsidc0803_daily_a2_seaice_conc_v2/NSIDC-0803_SEAICE_AMSR2_N_20250930_v2.0.nc', '/disks/sidads_ftp/DATASETS/nsidc0803_daily_a2_seaice_conc_v2/NSIDC-0803_SEAICE_AMSR2_N_20251001_v2.0.nc']"
2025,    10,  01,      5.260,      0.000, ['/disks/sidads_ftp/DATASETS/nsidc0803_daily_a2_seaice_conc_v2/NSIDC-0803_SEAICE_AMSR2_N_20251001_v2.0.nc']
2025,    10,  02,      5.291,      0.000,"['/disks/sidads_ftp/DATASETS/nsidc0803_daily_a2_seaice_conc_v2/NSIDC-0803_SEAICE_AMSR2_N_20251001_v2.0.nc', '/disks/sidads_ftp/DATASETS/nsidc0803_daily_a2_seaice_conc_v2/NSIDC-0803_SEAICE_AMSR2_N_20251002_v2.0.nc', '/disks/sidads_ftp/DATASETS/nsidc0803_daily_a2_seaice_conc_v2/NSIDC-0803_SEAICE_AMSR2_N_20251003_v2.0.nc']"
2025,    10,  03,      5.300,      0.000,"['/disks/sidads_ftp/DATASETS/nsidc0803_daily_a2_seaice_conc_v2/NSIDC-0803_SEAICE_AMSR2_N_20251002_v2.0.nc', '/disks/sidads_ftp/DATASETS/nsidc0803_daily_a2_seaice_conc_v2/NSIDC-0803_SEAICE_AMSR2_N_20251003_v2.0.nc', '/disks/sidads_ftp/DATASETS/nsidc0803_daily_a2_seaice_conc_v2/NSIDC-0803_SEAICE_AMSR2_N_20251004_v2.0.nc']"
2025,    10,  04,      5.485,      0.000, ['/disks/sidads_ftp/DATASETS/nsidc0803_daily_a2_seaice_conc_v2/NSIDC-0803_SEAICE_AMSR2_N_20251004_v2.0.nc']
2025,    10,  05,      5.668,      0.000,"['/disks/sidads_ftp/DATASETS/nsidc0803_daily_a2_seaice_conc_v2/NSIDC-0803_SEAICE_AMSR2_N_20251004_v2.0.nc', '/disks/sidads_ftp/DATASETS/nsidc0803_daily_a2_seaice_conc_v2/NSIDC-0803_SEAICE_AMSR2_N_20251005_v2.0.nc', '/disks/sidads_ftp/DATASETS/nsidc0803_daily_a2_seaice_conc_v2/NSIDC-0803_SEAICE_AMSR2_N_20251006_v2.0.nc']"
2025,    10,  06,      5.639,      0.000,"['/disks/sidads_ftp/DATASETS/nsidc0803_daily_a2_seaice_conc_v2/NSIDC-0803_SEAICE_AMSR2_N_20251005_v2.0.nc', '/disks/sidads_ftp/DATASETS/nsidc0803_daily_a2_seaice_conc_v2/NSIDC-0803_SEAICE_AMSR2_N_20251006_v2.0.nc', '/disks/sidads_ftp/DATASETS/nsidc0803_daily_a2_seaice_conc_v2/NSIDC-0803_SEAICE_AMSR2_N_20251007_v2.0.nc']"
2025,    10,  07,      5.695,      0.000,"['/disks/sidads_ftp/DATASETS/nsidc0803_daily_a2_seaice_conc_v2/NSIDC-0803_SEAICE_AMSR2_N_20251006_v2.0.nc', '/disks/sidads_ftp/DATASETS/nsidc0803_daily_a2_seaice_conc_v2/NSIDC-0803_SEAICE_AMSR2_N_20251007_v2.0.nc', '/disks/sidads_ftp/DATASETS/nsidc0803_daily_a2_seaice_conc_v2/NSIDC-0803_SEAICE_AMSR2_N_20251008_v2.0.nc']"
2025,    10,  08,      5.728,      0.000, ['/disks/sidads_ftp/DATASETS/nsidc0803_daily_a2_seaice_conc_v2/NSIDC-0803_SEAICE_AMSR2_N_20251008_v2.0.nc']
2025,    10,  09,      5.709,      0.000,"['/disks/sidads_ftp/DATASETS/nsidc0803_daily_a2_seaice_conc_v2/NSIDC-0803_SEAICE_AMSR2_N_20251008_v2.0.nc', '/disks/sidads_ftp/DATASETS/nsidc0803_daily_a2_seaice_conc_v2/NSIDC-0803_SEAICE_AMSR2_N_20251009_v2.0.nc', '/disks/sidads_ftp/DATASETS/nsidc0803_daily_a2_seaice_conc_v2/NSIDC-0803_SEAICE_AMSR2_N_20251010_v2.0.nc']"
2025,    10,  10,      5.803,      0.000,"['/disks/sidads_ftp/DATASETS/nsidc0803_daily_a2_seaice_conc_v2/NSIDC-0803_SEAICE_AMSR2_N_20251009_v2.0.nc', '/disks/sidads_ftp/DATASETS/nsidc0803_daily_a2_seaice_conc_v2/NSIDC-0803_SEAICE_AMSR2_N_20251010_v2.0.nc', '/disks/sidads_ftp/DATASETS/nsidc0803_daily_a2_seaice_conc_v2/NSIDC-0803_SEAICE_AMSR2_N_20251011_v2.0.nc']"
2025,    10,  11,      5.868,      0.000, ['/disks/sidads_ftp/DATASETS/nsidc0803_daily_a2_seaice_conc_v2/NSIDC-0803_SEAICE_AMSR2_N_20251011_v2.0.nc']
2025,    10,  12,      5.946,      0.000,"['/disks/sidads_ftp/DATASETS/nsidc0803_daily_a2_seaice_conc_v2/NSIDC-0803_SEAICE_AMSR2_N_20251011_v2.0.nc', '/disks/sidads_ftp/DATASETS/nsidc0803_daily_a2_seaice_conc_v2/NSIDC-0803_SEAICE_AMSR2_N_20251012_v2.0.nc', '/disks/sidads_ftp/DATASETS/nsidc0803_daily_a2_seaice_conc_v2/NSIDC-0803_SEAICE_AMSR2_N_20251013_v2.0.nc']"
2025,    10,  13,      5.963,      0.000, ['/disks/sidads_ftp/DATASETS/nsidc0803_daily_a2_seaice_conc_v2/NSIDC-0803_SEAICE_AMSR2_N_20251013_v2.0.nc']
2025,    10,  14,      5.886,      0.000,"['/disks/sidads_ftp/DATASETS/nsidc0803_daily_a2_seaice_conc_v2/NSIDC-0803_SEAICE_AMSR2_N_20251013_v2.0.nc', '/disks/sidads_ftp/DATASETS/nsidc0803_daily_a2_seaice_conc_v2/NSIDC-0803_SEAICE_AMSR2_N_20251014_v2.0.nc', '/disks/sidads_ftp/DATASETS/nsidc0803_daily_a2_seaice_conc_v2/NSIDC-0803_SEAICE_AMSR2_N_20251015_v2.0.nc']"
2025,    10,  15,      5.961,      0.000, ['/disks/sidads_ftp/DATASETS/nsidc0803_daily_a2_seaice_conc_v2/NSIDC-0803_SEAICE_AMSR2_N_20251015_v2.0.nc']
2025,    10,  16,      6.060,      0.000,"['/disks/sidads_ftp/DATASETS/nsidc0803_daily_a2_seaice_conc_v2/NSIDC-0803_SEAICE_AMSR2_N_20251015_v2.0.nc', '/disks/sidads_ftp/DATASETS/nsidc0803_daily_a2_seaice_conc_v2/NSIDC-0803_SEAICE_AMSR2_N_20251016_v2.0.nc', '/disks/sidads_ftp/DATASETS/nsidc0803_daily_a2_seaice_conc_v2/NSIDC-0803_SEAICE_AMSR2_N_20251017_v2.0.nc']"
2025,    10,  17,      6.129,      0.000, ['/disks/sidads_ftp/DATASETS/nsidc0803_daily_a2_seaice_conc_v2/NSIDC-0803_SEAICE_AMSR2_N_20251017_v2.0.nc']
2025,    10,  18,      6.213,      0.000,"['/disks/sidads_ftp/DATASETS/nsidc0803_daily_a2_seaice_conc_v2/NSIDC-0803_SEAICE_AMSR2_N_20251017_v2.0.nc', '/disks/sidads_ftp/DATASETS/nsidc0803_daily_a2_seaice_conc_v2/NSIDC-0803_SEAICE_AMSR2_N_20251018_v2.0.nc', '/disks/sidads_ftp/DATASETS/nsidc0803_daily_a2_seaice_conc_v2/NSIDC-0803_SEAICE_AMSR2_N_20251019_v2.0.nc']"
2025,    10,  19,      6.272,      0.000,"['/disks/sidads_ftp/DATASETS/nsidc0803_daily_a2_seaice_conc_v2/NSIDC-0803_SEAICE_AMSR2_N_20251018_v2.0.nc', '/disks/sidads_ftp/DATASETS/nsidc0803_daily_a2_seaice_conc_v2/NSIDC-0803_SEAICE_AMSR2_N_20251019_v2.0.nc', '/disks/sidads_ftp/DATASETS/nsidc0803_daily_a2_seaice_conc_v2/NSIDC-0803_SEAICE_AMSR2_N_20251020_v2.0.nc']"
2025,    10,  20,      6.398,      0.000, ['/disks/sidads_ftp/DATASETS/nsidc0803_daily_a2_seaice_conc_v2/NSIDC-0803_SEAICE_AMSR2_N_20251020_v2.0.nc']
2025,    10,  21,      6.601,      0.000,"['/disks/sidads_ftp/DATASETS/nsidc0803_daily_a2_seaice_conc_v2/NSIDC-0803_SEAICE_AMSR2_N_20251020_v2.0.nc', '/disks/sidads_ftp/DATASETS/nsidc0803_daily_a2_seaice_conc_v2/NSIDC-0803_SEAICE_AMSR2_N_20251021_v2.0.nc', '/disks/sidads_ftp/DATASETS/nsidc0803_daily_a2_seaice_conc_v2/NSIDC-0803_SEAICE_AMSR2_N_20251022_v2.0.nc']"
2025,    10,  22,      6.705,      0.000, ['/disks/sidads_ftp/DATASETS/nsidc0803_daily_a2_seaice_conc_v2/NSIDC-0803_SEAICE_AMSR2_N_20251022_v2.0.nc']
2025,    10,  23,      6.877,      0.000,"['/disks/sidads_ftp/DATASETS/nsidc0803_daily_a2_seaice_conc_v2/NSIDC-0803_SEAICE_AMSR2_N_20251022_v2.0.nc', '/disks/sidads_ftp/DATASETS/nsidc0803_daily_a2_seaice_conc_v2/NSIDC-0803_SEAICE_AMSR2_N_20251023_v2.0.nc', '/disks/sidads_ftp/DATASETS/nsidc0803_daily_a2_seaice_conc_v2/NSIDC-0803_SEAICE_AMSR2_N_20251024_v2.0.nc']"
2025,    10,  24,      7.068,      0.000, ['/disks/sidads_ftp/DATASETS/nsidc0803_daily_a2_seaice_conc_v2/NSIDC-0803_SEAICE_AMSR2_N_20251024_v2.0.nc']
2025,    10,  25,      7.202,      0.000,"['/disks/sidads_ftp/DATASETS/nsidc0803_daily_a2_seaice_conc_v2/NSIDC-0803_SEAICE_AMSR2_N_20251024_v2.0.nc', '/disks/sidads_ftp/DATASETS/nsidc0803_daily_a2_seaice_conc_v2/NSIDC-0803_SEAICE_AMSR2_N_20251025_v2.0.nc', '/disks/sidads_ftp/DATASETS/nsidc0803_daily_a2_seaice_conc_v2/NSIDC-0803_SEAICE_AMSR2_N_20251026_v2.0.nc']"
2025,    10,  26,      7.268,      0.000,"['/disks/sidads_ftp/DATASETS/nsidc0803_daily_a2_seaice_conc_v2/NSIDC-0803_SEAICE_AMSR2_N_20251025_v2.0.nc', '/disks/sidads_ftp/DATASETS/nsidc0803_daily_a2_seaice_conc_v2/NSIDC-0803_SEAICE_AMSR2_N_20251026_v2.0.nc', '/disks/sidads_ftp/DATASETS/nsidc0803_daily_a2_seaice_conc_v2/NSIDC-0803_SEAICE_AMSR2_N_20251027_v2.0.nc']"
2025,    10,  27,      7.346,      0.000, ['/disks/sidads_ftp/DATASETS/nsidc0803_daily_a2_seaice_conc_v2/NSIDC-0803_SEAICE_AMSR2_N_20251027_v2.0.nc']
2025,    10,  28,      7.487,      0.000,"['/disks/sidads_ftp/DATASETS/nsidc0803_daily_a2_seaice_conc_v2/NSIDC-0803_SEAICE_AMSR2_N_20251027_v2.0.nc', '/disks/sidads_ftp/DATASETS/nsidc0803_daily_a2_seaice_conc_v2/NSIDC-0803_SEAICE_AMSR2_N_20251028_v2.0.nc', '/disks/sidads_ftp/DATASETS/nsidc0803_daily_a2_seaice_conc_v2/NSIDC-0803_SEAICE_AMSR2_N_20251029_v2.0.nc']"
2025,    10,  29,      7.629,      0.000, ['/disks/sidads_ftp/DATASETS/nsidc0803_daily_a2_seaice_conc_v2/NSIDC-0803_SEAICE_AMSR2_N_20251029_v2.0.nc']
2025,    10,  30,      7.686,      0.000,"['/disks/sidads_ftp/DATASETS/nsidc0803_daily_a2_seaice_conc_v2/NSIDC-0803_SEAICE_AMSR2_N_20251029_v2.0.nc', '/disks/sidads_ftp/DATASETS/nsidc0803_daily_a2_seaice_conc_v2/NSIDC-0803_SEAICE_AMSR2_N_20251030_v2.0.nc', '/disks/sidads_ftp/DATASETS/nsidc0803_daily_a2_seaice_conc_v2/NSIDC-0803_SEAICE_AMSR2_N_20251031_v2.0.nc']"
2025,    10,  31,      7.676,      0.000, ['/disks/sidads_ftp/DATASETS/nsidc0803_daily_a2_seaice_conc_v2/NSIDC-0803_SEAICE_AMSR2_N_20251031_v2.0.nc']
2025,    11,  01,      7.872,      0.000,"['/disks/sidads_ftp/DATASETS/nsidc0803_daily_a2_seaice_conc_v2/NSIDC-0803_SEAICE_AMSR2_N_20251031_v2.0.nc', '/disks/sidads_ftp/DATASETS/nsidc0803_daily_a2_seaice_conc_v2/NSIDC-0803_SEAICE_AMSR2_N_20251101_v2.0.nc', '/disks/sidads_ftp/DATASETS/nsidc0803_daily_a2_seaice_conc_v2/NSIDC-0803_SEAICE_AMSR2_N_20251102_v2.0.nc']"
2025,    11,  02,      7.843,      0.000,"['/disks/sidads_ftp/DATASETS/nsidc0803_daily_a2_seaice_conc_v2/NSIDC-0803_SEAICE_AMSR2_N_20251101_v2.0.nc', '/disks/sidads_ftp/DATASETS/nsidc0803_daily_a2_seaice_conc_v2/NSIDC-0803_SEAICE_AMSR2_N_20251102_v2.0.nc', '/disks/sidads_ftp/DATASETS/nsidc0803_daily_a2_seaice_conc_v2/NSIDC-0803_SEAICE_AMSR2_N_20251103_v2.0.nc']"
2025,    11,  03,      7.845,      0.000,"['/disks/sidads_ftp/DATASETS/nsidc0803_daily_a2_seaice_conc_v2/NSIDC-0803_SEAICE_AMSR2_N_20251102_v2.0.nc', '/disks/sidads_ftp/DATASETS/nsidc0803_daily_a2_seaice_conc_v2/NSIDC-0803_SEAICE_AMSR2_N_20251103_v2.0.nc', '/disks/sidads_ftp/DATASETS/nsidc0803_daily_a2_seaice_conc_v2/NSIDC-0803_SEAICE_AMSR2_N_20251104_v2.0.nc']"
2025,    11,  04,      7.860,      0.000,"['/disks/sidads_ftp/DATASETS/nsidc0803_daily_a2_seaice_conc_v2/NSIDC-0803_SEAICE_AMSR2_N_20251103_v2.0.nc', '/disks/sidads_ftp/DATASETS/nsidc0803_daily_a2_seaice_conc_v2/NSIDC-0803_SEAICE_AMSR2_N_20251104_v2.0.nc', '/disks/sidads_ftp/DATASETS/nsidc0803_daily_a2_seaice_conc_v2/NSIDC-0803_SEAICE_AMSR2_N_20251105_v2.0.nc']"
2025,    11,  05,      7.955,      0.000, ['/disks/sidads_ftp/DATASETS/nsidc0803_daily_a2_seaice_conc_v2/NSIDC-0803_SEAICE_AMSR2_N_20251105_v2.0.nc']
2025,    11,  06,      8.105,      0.000,"['/disks/sidads_ftp/DATASETS/nsidc0803_daily_a2_seaice_conc_v2/NSIDC-0803_SEAICE_AMSR2_N_20251105_v2.0.nc', '/disks/sidads_ftp/DATASETS/nsidc0803_daily_a2_seaice_conc_v2/NSIDC-0803_SEAICE_AMSR2_N_20251106_v2.0.nc', '/disks/sidads_ftp/DATASETS/nsidc0803_daily_a2_seaice_conc_v2/NSIDC-0803_SEAICE_AMSR2_N_20251107_v2.0.nc']"
2025,    11,  07,      8.147,      0.000, ['/disks/sidads_ftp/DATASETS/nsidc0803_daily_a2_seaice_conc_v2/NSIDC-0803_SEAICE_AMSR2_N_20251107_v2.0.nc']
2025,    11,  08,      8.337,      0.000,"['/disks/sidads_ftp/DATASETS/nsidc0803_daily_a2_seaice_conc_v2/NSIDC-0803_SEAICE_AMSR2_N_20251107_v2.0.nc', '/disks/sidads_ftp/DATASETS/nsidc0803_daily_a2_seaice_conc_v2/NSIDC-0803_SEAICE_AMSR2_N_20251108_v2.0.nc', '/disks/sidads_ftp/DATASETS/nsidc0803_daily_a2_seaice_conc_v2/NSIDC-0803_SEAICE_AMSR2_N_20251109_v2.0.nc']"
2025,    11,  09,      8.363,      0.000, ['/disks/sidads_ftp/DATASETS/nsidc0803_daily_a2_seaice_conc_v2/NSIDC-0803_SEAICE_AMSR2_N_20251109_v2.0.nc']
2025,    11,  10,      8.535,      0.000,"['/disks/sidads_ftp/DATASETS/nsidc0803_daily_a2_seaice_conc_v2/NSIDC-0803_SEAICE_AMSR2_N_20251109_v2.0.nc', '/disks/sidads_ftp/DATASETS/nsidc0803_daily_a2_seaice_conc_v2/NSIDC-0803_SEAICE_AMSR2_N_20251110_v2.0.nc', '/disks/sidads_ftp/DATASETS/nsidc0803_daily_a2_seaice_conc_v2/NSIDC-0803_SEAICE_AMSR2_N_20251111_v2.0.nc']"
2025,    11,  11,      8.659,      0.000,"['/disks/sidads_ftp/DATASETS/nsidc0803_daily_a2_seaice_conc_v2/NSIDC-0803_SEAICE_AMSR2_N_20251110_v2.0.nc', '/disks/sidads_ftp/DATASETS/nsidc0803_daily_a2_seaice_conc_v2/NSIDC-0803_SEAICE_AMSR2_N_20251111_v2.0.nc', '/disks/sidads_ftp/DATASETS/nsidc0803_daily_a2_seaice_conc_v2/NSIDC-0803_SEAICE_AMSR2_N_20251112_v2.0.nc']"
2025,    11,  12,      8.728,      0.000, ['/disks/sidads_ftp/DATASETS/nsidc0803_daily_a2_seaice_conc_v2/NSIDC-0803_SEAICE_AMSR2_N_20251112_v2.0.nc']
2025,    11,  13,      8.794,      0.000,"['/disks/sidads_ftp/DATASETS/nsidc0803_daily_a2_seaice_conc_v2/NSIDC-0803_SEAICE_AMSR2_N_20251112_v2.0.nc', '/disks/sidads_ftp/DATASETS/nsidc0803_daily_a2_seaice_conc_v2/NSIDC-0803_SEAICE_AMSR2_N_20251113_v2.0.nc', '/disks/sidads_ftp/DATASETS/nsidc0803_daily_a2_seaice_conc_v2/NSIDC-0803_SEAICE_AMSR2_N_20251114_v2.0.nc']"
2025,    11,  14,      8.770,      0.000, ['/disks/sidads_ftp/DATASETS/nsidc0803_daily_a2_seaice_conc_v2/NSIDC-0803_SEAICE_AMSR2_N_20251114_v2.0.nc']
2025,    11,  15,      8.886,      0.000,"['/disks/sidads_ftp/DATASETS/nsidc0803_daily_a2_seaice_conc_v2/NSIDC-0803_SEAICE_AMSR2_N_20251114_v2.0.nc', '/disks/sidads_ftp/DATASETS/nsidc0803_daily_a2_seaice_conc_v2/NSIDC-0803_SEAICE_AMSR2_N_20251115_v2.0.nc', '/disks/sidads_ftp/DATASETS/nsidc0803_daily_a2_seaice_conc_v2/NSIDC-0803_SEAICE_AMSR2_N_20251116_v2.0.nc']"
2025,    11,  16,      8.925,      0.000, ['/disks/sidads_ftp/DATASETS/nsidc0803_daily_a2_seaice_conc_v2/NSIDC-0803_SEAICE_AMSR2_N_20251116_v2.0.nc']
2025,    11,  17,      8.974,      0.000,"['/disks/sidads_ftp/DATASETS/nsidc0803_daily_a2_seaice_conc_v2/NSIDC-0803_SEAICE_AMSR2_N_20251116_v2.0.nc', '/disks/sidads_ftp/DATASETS/nsidc0803_daily_a2_seaice_conc_v2/NSIDC-0803_SEAICE_AMSR2_N_20251117_v2.0.nc', '/disks/sidads_ftp/DATASETS/nsidc0803_daily_a2_seaice_conc_v2/NSIDC-0803_SEAICE_AMSR2_N_20251118_v2.0.nc']"
2025,    11,  18,      8.970,      0.000, ['/disks/sidads_ftp/DATASETS/nsidc0803_daily_a2_seaice_conc_v2/NSIDC-0803_SEAICE_AMSR2_N_20251118_v2.0.nc']
2025,    11,  19,      9.030,      0.000,"['/disks/sidads_ftp/DATASETS/nsidc0803_daily_a2_seaice_conc_v2/NSIDC-0803_SEAICE_AMSR2_N_20251118_v2.0.nc', '/disks/sidads_ftp/DATASETS/nsidc0803_daily_a2_seaice_conc_v2/NSIDC-0803_SEAICE_AMSR2_N_20251119_v2.0.nc', '/disks/sidads_ftp/DATASETS/nsidc0803_daily_a2_seaice_conc_v2/NSIDC-0803_SEAICE_AMSR2_N_20251120_v2.0.nc']"
2025,    11,  20,      9.027,      0.000,"['/disks/sidads_ftp/DATASETS/nsidc0803_daily_a2_seaice_conc_v2/NSIDC-0803_SEAICE_AMSR2_N_20251119_v2.0.nc', '/disks/sidads_ftp/DATASETS/nsidc0803_daily_a2_seaice_conc_v2/NSIDC-0803_SEAICE_AMSR2_N_20251120_v2.0.nc', '/disks/sidads_ftp/DATASETS/nsidc0803_daily_a2_seaice_conc_v2/NSIDC-0803_SEAICE_AMSR2_N_20251121_v2.0.nc']"
2025,    11,  21,      9.081,      0.000, ['/disks/sidads_ftp/DATASETS/nsidc0803_daily_a2_seaice_conc_v2/NSIDC-0803_SEAICE_AMSR2_N_20251121_v2.0.nc']
2025,    11,  22,      9.138,      0.000,"['/disks/sidads_ftp/DATASETS/nsidc0803_daily_a2_seaice_conc_v2/NSIDC-0803_SEAICE_AMSR2_N_20251121_v2.0.nc', '/disks/sidads_ftp/DATASETS/nsidc0803_daily_a2_seaice_conc_v2/NSIDC-0803_SEAICE_AMSR2_N_20251122_v2.0.nc', '/disks/sidads_ftp/DATASETS/nsidc0803_daily_a2_seaice_conc_v2/NSIDC-0803_SEAICE_AMSR2_N_20251123_v2.0.nc']"
2025,    11,  23,      9.174,      0.000, ['/disks/sidads_ftp/DATASETS/nsidc0803_daily_a2_seaice_conc_v2/NSIDC-0803_SEAICE_AMSR2_N_20251123_v2.0.nc']
2025,    11,  24,      9.317,      0.000,"['/disks/sidads_ftp/DATASETS/nsidc0803_daily_a2_seaice_conc_v2/NSIDC-0803_SEAICE_AMSR2_N_20251123_v2.0.nc', '/disks/sidads_ftp/DATASETS/nsidc0803_daily_a2_seaice_conc_v2/NSIDC-0803_SEAICE_AMSR2_N_20251124_v2.0.nc', '/disks/sidads_ftp/DATASETS/nsidc0803_daily_a2_seaice_conc_v2/NSIDC-0803_SEAICE_AMSR2_N_20251125_v2.0.nc']"
2025,    11,  25,      9.311,      0.000, ['/disks/sidads_ftp/DATASETS/nsidc0803_daily_a2_seaice_conc_v2/NSIDC-0803_SEAICE_AMSR2_N_20251125_v2.0.nc']
2025,    11,  26,      9.385,      0.000,"['/disks/sidads_ftp/DATASETS/nsidc0803_daily_a2_seaice_conc_v2/NSIDC-0803_SEAICE_AMSR2_N_20251125_v2.0.nc', '/disks/sidads_ftp/DATASETS/nsidc0803_daily_a2_seaice_conc_v2/NSIDC-0803_SEAICE_AMSR2_N_20251126_v2.0.nc', '/disks/sidads_ftp/DATASETS/nsidc0803_daily_a2_seaice_conc_v2/NSIDC-0803_SEAICE_AMSR2_N_20251127_v2.0.nc']"
2025,    11,  27,      9.482,      0.000,"['/disks/sidads_ftp/DATASETS/nsidc0803_daily_a2_seaice_conc_v2/NSIDC-0803_SEAICE_AMSR2_N_20251126_v2.0.nc', '/disks/sidads_ftp/DATASETS/nsidc0803_daily_a2_seaice_conc_v2/NSIDC-0803_SEAICE_AMSR2_N_20251127_v2.0.nc', '/disks/sidads_ftp/DATASETS/nsidc0803_daily_a2_seaice_conc_v2/NSIDC-0803_SEAICE_AMSR2_N_20251128_v2.0.nc']"
2025,    11,  28,      9.522,      0.000, ['/disks/sidads_ftp/DATASETS/nsidc0803_daily_a2_seaice_conc_v2/NSIDC-0803_SEAICE_AMSR2_N_20251128_v2.0.nc']
2025,    11,  29,      9.580,      0.000,"['/disks/sidads_ftp/DATASETS/nsidc0803_daily_a2_seaice_conc_v2/NSIDC-0803_SEAICE_AMSR2_N_20251128_v2.0.nc', '/disks/sidads_ftp/DATASETS/nsidc0803_daily_a2_seaice_conc_v2/NSIDC-0803_SEAICE_AMSR2_N_20251129_v2.0.nc', '/disks/sidads_ftp/DATASETS/nsidc0803_daily_a2_seaice_conc_v2/NSIDC-0803_SEAICE_AMSR2_N_20251130_v2.0.nc']"
2025,    11,  30,      9.626,      0.000, ['/disks/sidads_ftp/DATASETS/nsidc0803_daily_a2_seaice_conc_v2/NSIDC-0803_SEAICE_AMSR2_N_20251130_v2.0.nc']
2025,    12,  01,      9.938,      0.000,"['/disks/sidads_ftp/DATASETS/nsidc0803_daily_a2_seaice_conc_v2/NSIDC-0803_SEAICE_AMSR2_N_20251130_v2.0.nc', '/disks/sidads_ftp/DATASETS/nsidc0803_daily_a2_seaice_conc_v2/NSIDC-0803_SEAICE_AMSR2_N_20251201_v2.0.nc', '/disks/sidads_ftp/DATASETS/nsidc0803_daily_a2_seaice_conc_v2/NSIDC-0803_SEAICE_AMSR2_N_20251202_v2.0.nc']"
2025,    12,  02,     10.001,      0.000, ['/disks/sidads_ftp/DATASETS/nsidc0803_daily_a2_seaice_conc_v2/NSIDC-0803_SEAICE_AMSR2_N_20251202_v2.0.nc']
2025,    12,  03,     10.084,      0.000,"['/disks/sidads_ftp/DATASETS/nsidc0803_daily_a2_seaice_conc_v2/NSIDC-0803_SEAICE_AMSR2_N_20251202_v2.0.nc', '/disks/sidads_ftp/DATASETS/nsidc0803_daily_a2_seaice_conc_v2/NSIDC-0803_SEAICE_AMSR2_N_20251203_v2.0.nc', '/disks/sidads_ftp/DATASETS/nsidc0803_daily_a2_seaice_conc_v2/NSIDC-0803_SEAICE_AMSR2_N_20251204_v2.0.nc']"
2025,    12,  04,     10.361,      0.000, ['/disks/sidads_ftp/DATASETS/nsidc0803_daily_a2_seaice_conc_v2/NSIDC-0803_SEAICE_AMSR2_N_20251204_v2.0.nc']
2025,    12,  05,     10.476,      0.000,"['/disks/sidads_ftp/DATASETS/nsidc0803_daily_a2_seaice_conc_v2/NSIDC-0803_SEAICE_AMSR2_N_20251204_v2.0.nc', '/disks/sidads_ftp/DATASETS/nsidc0803_daily_a2_seaice_conc_v2/NSIDC-0803_SEAICE_AMSR2_N_20251205_v2.0.nc', '/disks/sidads_ftp/DATASETS/nsidc0803_daily_a2_seaice_conc_v2/NSIDC-0803_SEAICE_AMSR2_N_20251206_v2.0.nc']"
2025,    12,  06,     10.423,      0.000,"['/disks/sidads_ftp/DATASETS/nsidc0803_daily_a2_seaice_conc_v2/NSIDC-0803_SEAICE_AMSR2_N_20251205_v2.0.nc', '/disks/sidads_ftp/DATASETS/nsidc0803_daily_a2_seaice_conc_v2/NSIDC-0803_SEAICE_AMSR2_N_20251206_v2.0.nc', '/disks/sidads_ftp/DATASETS/nsidc0803_daily_a2_seaice_conc_v2/NSIDC-0803_SEAICE_AMSR2_N_20251207_v2.0.nc']"
2025,    12,  07,     10.481,      0.000, ['/disks/sidads_ftp/DATASETS/nsidc0803_daily_a2_seaice_conc_v2/NSIDC-0803_SEAICE_AMSR2_N_20251207_v2.0.nc']
2025,    12,  08,     10.551,      0.000,"['/disks/sidads_ftp/DATASETS/nsidc0803_daily_a2_seaice_conc_v2/NSIDC-0803_SEAICE_AMSR2_N_20251207_v2.0.nc', '/disks/sidads_ftp/DATASETS/nsidc0803_daily_a2_seaice_conc_v2/NSIDC-0803_SEAICE_AMSR2_N_20251208_v2.0.nc', '/disks/sidads_ftp/DATASETS/nsidc0803_daily_a2_seaice_conc_v2/NSIDC-0803_SEAICE_AMSR2_N_20251209_v2.0.nc']"
2025,    12,  09,     10.633,      0.000, ['/disks/sidads_ftp/DATASETS/nsidc0803_daily_a2_seaice_conc_v2/NSIDC-0803_SEAICE_AMSR2_N_20251209_v2.0.nc']
2025,    12,  10,     10.703,      0.000,"['/disks/sidads_ftp/DATASETS/nsidc0803_daily_a2_seaice_conc_v2/NSIDC-0803_SEAICE_AMSR2_N_20251209_v2.0.nc', '/disks/sidads_ftp/DATASETS/nsidc0803_daily_a2_seaice_conc_v2/NSIDC-0803_SEAICE_AMSR2_N_20251210_v2.0.nc', '/disks/sidads_ftp/DATASETS/nsidc0803_daily_a2_seaice_conc_v2/NSIDC-0803_SEAICE_AMSR2_N_20251211_v2.0.nc']"
2025,    12,  11,     10.811,      0.000, ['/disks/sidads_ftp/DATASETS/nsidc0803_daily_a2_seaice_conc_v2/NSIDC-0803_SEAICE_AMSR2_N_20251211_v2.0.nc']
2025,    12,  12,     10.810,      0.000,"['/disks/sidads_ftp/DATASETS/nsidc0803_daily_a2_seaice_conc_v2/NSIDC-0803_SEAICE_AMSR2_N_20251211_v2.0.nc', '/disks/sidads_ftp/DATASETS/nsidc0803_daily_a2_seaice_conc_v2/NSIDC-0803_SEAICE_AMSR2_N_20251212_v2.0.nc']"
2025,    12,  13,     10.878,      0.000,"['/disks/sidads_ftp/DATASETS/nsidc0803_daily_a2_seaice_conc_v2/NSIDC-0803_SEAICE_AMSR2_N_20251212_v2.0.nc', '/disks/sidads_ftp/DATASETS/nsidc0803_daily_a2_seaice_conc_v2/NSIDC-0803_SEAICE_AMSR2_N_20251214_v2.0.nc']"
2025,    12,  14,     10.912,      0.000, ['/disks/sidads_ftp/DATASETS/nsidc0803_daily_a2_seaice_conc_v2/NSIDC-0803_SEAICE_AMSR2_N_20251214_v2.0.nc']
2025,    12,  15,     11.033,      0.000,"['/disks/sidads_ftp/DATASETS/nsidc0803_daily_a2_seaice_conc_v2/NSIDC-0803_SEAICE_AMSR2_N_20251214_v2.0.nc', '/disks/sidads_ftp/DATASETS/nsidc0803_daily_a2_seaice_conc_v2/NSIDC-0803_SEAICE_AMSR2_N_20251215_v2.0.nc', '/disks/sidads_ftp/DATASETS/nsidc0803_daily_a2_seaice_conc_v2/NSIDC-0803_SEAICE_AMSR2_N_20251216_v2.0.nc']"
2025,    12,  16,     11.122,      0.000, ['/disks/sidads_ftp/DATASETS/nsidc0803_daily_a2_seaice_conc_v2/NSIDC-0803_SEAICE_AMSR2_N_20251216_v2.0.nc']
2025,    12,  17,     11.356,      0.000,"['/disks/sidads_ftp/DATASETS/nsidc0803_daily_a2_seaice_conc_v2/NSIDC-0803_SEAICE_AMSR2_N_20251216_v2.0.nc', '/disks/sidads_ftp/DATASETS/nsidc0803_daily_a2_seaice_conc_v2/NSIDC-0803_SEAICE_AMSR2_N_20251217_v2.0.nc', '/disks/sidads_ftp/DATASETS/nsidc0803_daily_a2_seaice_conc_v2/NSIDC-0803_SEAICE_AMSR2_N_20251218_v2.0.nc']"
2025,    12,  18,     11.406,      0.000, ['/disks/sidads_ftp/DATASETS/nsidc0803_daily_a2_seaice_conc_v2/NSIDC-0803_SEAICE_AMSR2_N_20251218_v2.0.nc']
2025,    12,  19,     11.560,      0.000,"['/disks/sidads_ftp/DATASETS/nsidc0803_daily_a2_seaice_conc_v2/NSIDC-0803_SEAICE_AMSR2_N_20251218_v2.0.nc', '/disks/sidads_ftp/DATASETS/nsidc0803_daily_a2_seaice_conc_v2/NSIDC-0803_SEAICE_AMSR2_N_20251219_v2.0.nc', '/disks/sidads_ftp/DATASETS/nsidc0803_daily_a2_seaice_conc_v2/NSIDC-0803_SEAICE_AMSR2_N_20251220_v2.0.nc']"
2025,    12,  20,     11.646,      0.000, ['/disks/sidads_ftp/DATASETS/nsidc0803_daily_a2_seaice_conc_v2/NSIDC-0803_SEAICE_AMSR2_N_20251220_v2.0.nc']
2025,    12,  21,     11.603,      0.000,"['/disks/sidads_ftp/DATASETS/nsidc0803_daily_a2_seaice_conc_v2/NSIDC-0803_SEAICE_AMSR2_N_20251220_v2.0.nc', '/disks/sidads_ftp/DATASETS/nsidc0803_daily_a2_seaice_conc_v2/NSIDC-0803_SEAICE_AMSR2_N_20251221_v2.0.nc', '/disks/sidads_ftp/DATASETS/nsidc0803_daily_a2_seaice_conc_v2/NSIDC-0803_SEAICE_AMSR2_N_20251222_v2.0.nc']"
2025,    12,  22,     11.616,      0.000,"['/disks/sidads_ftp/DATASETS/nsidc0803_daily_a2_seaice_conc_v2/NSIDC-0803_SEAICE_AMSR2_N_20251221_v2.0.nc', '/disks/sidads_ftp/DATASETS/nsidc0803_daily_a2_seaice_conc_v2/NSIDC-0803_SEAICE_AMSR2_N_20251222_v2.0.nc', '/disks/sidads_ftp/DATASETS/nsidc0803_daily_a2_seaice_conc_v2/NSIDC-0803_SEAICE_AMSR2_N_20251223_v2.0.nc']"
2025,    12,  23,     11.673,      0.000, ['/disks/sidads_ftp/DATASETS/nsidc0803_daily_a2_seaice_conc_v2/NSIDC-0803_SEAICE_AMSR2_N_20251223_v2.0.nc']
2025,    12,  24,     11.806,      0.000,"['/disks/sidads_ftp/DATASETS/nsidc0803_daily_a2_seaice_conc_v2/NSIDC-0803_SEAICE_AMSR2_N_20251223_v2.0.nc', '/disks/sidads_ftp/DATASETS/nsidc0803_daily_a2_seaice_conc_v2/NSIDC-0803_SEAICE_AMSR2_N_20251224_v2.0.nc', '/disks/sidads_ftp/DATASETS/nsidc0803_daily_a2_seaice_conc_v2/NSIDC-0803_SEAICE_AMSR2_N_20251225_v2.0.nc']"
2025,    12,  25,     11.920,      0.000, ['/disks/sidads_ftp/DATASETS/nsidc0803_daily_a2_seaice_conc_v2/NSIDC-0803_SEAICE_AMSR2_N_20251225_v2.0.nc']
2025,    12,  26,     12.257,      0.000,"['/disks/sidads_ftp/DATASETS/nsidc0803_daily_a2_seaice_conc_v2/NSIDC-0803_SEAICE_AMSR2_N_20251225_v2.0.nc', '/disks/sidads_ftp/DATASETS/nsidc0803_daily_a2_seaice_conc_v2/NSIDC-0803_SEAICE_AMSR2_N_20251226_v2.0.nc', '/disks/sidads_ftp/DATASETS/nsidc0803_daily_a2_seaice_conc_v2/NSIDC-0803_SEAICE_AMSR2_N_20251227_v2.0.nc']"
2025,    12,  27,     12.315,      0.000, ['/disks/sidads_ftp/DATASETS/nsidc0803_daily_a2_seaice_conc_v2/NSIDC-0803_SEAICE_AMSR2_N_20251227_v2.0.nc']
2025,    12,  28,     12.359,      0.000,"['/disks/sidads_ftp/DATASETS/nsidc0803_daily_a2_seaice_conc_v2/NSIDC-0803_SEAICE_AMSR2_N_20251227_v2.0.nc', '/disks/sidads_ftp/DATASETS/nsidc0803_daily_a2_seaice_conc_v2/NSIDC-0803_SEAICE_AMSR2_N_20251228_v2.0.nc', '/disks/sidads_ftp/DATASETS/nsidc0803_daily_a2_seaice_conc_v2/NSIDC-0803_SEAICE_AMSR2_N_20251229_v2.0.nc']"
2025,    12,  29,     12.292,      0.000,"['/disks/sidads_ftp/DATASETS/nsidc0803_daily_a2_seaice_conc_v2/NSIDC-0803_SEAICE_AMSR2_N_20251228_v2.0.nc', '/disks/sidads_ftp/DATASETS/nsidc0803_daily_a2_seaice_conc_v2/NSIDC-0803_SEAICE_AMSR2_N_20251229_v2.0.nc', '/disks/sidads_ftp/DATASETS/nsidc0803_daily_a2_seaice_conc_v2/NSIDC-0803_SEAICE_AMSR2_N_20251230_v2.0.nc']"
2025,    12,  30,     12.474,      0.000,"['/disks/sidads_ftp/DATASETS/nsidc0803_daily_a2_seaice_conc_v2/NSIDC-0803_SEAICE_AMSR2_N_20251229_v2.0.nc', '/disks/sidads_ftp/DATASETS/nsidc0803_daily_a2_seaice_conc_v2/NSIDC-0803_SEAICE_AMSR2_N_20251230_v2.0.nc', '/disks/sidads_ftp/DATASETS/nsidc0803_daily_a2_seaice_conc_v2/NSIDC-0803_SEAICE_AMSR2_N_20251231_v2.0.nc']"
2025,    12,  31,     12.385,      0.000,"['/disks/sidads_ftp/DATASETS/nsidc0803_daily_a2_seaice_conc_v2/NSIDC-0803_SEAICE_AMSR2_N_20251230_v2.0.nc', '/disks/sidads_ftp/DATASETS/nsidc0803_daily_a2_seaice_conc_v2/NSIDC-0803_SEAICE_AMSR2_N_20251231_v2.0.nc', '/disks/sidads_ftp/DATASETS/nsidc0803_daily_a2_seaice_conc_v2/NSIDC-0803_SEAICE_AMSR2_N_20260101_v2.0.nc']"
2026,    01,  01,     12.368,      0.000, ['/disks/sidads_ftp/DATASETS/nsidc0803_daily_a2_seaice_conc_v2/NSIDC-0803_SEAICE_AMSR2_N_20260101_v2.0.nc']
2026,    01,  02,     12.478,      0.000,"['/disks/sidads_ftp/DATASETS/nsidc0803_daily_a2_seaice_conc_v2/NSIDC-0803_SEAICE_AMSR2_N_20260101_v2.0.nc', '/disks/sidads_ftp/DATASETS/nsidc0803_daily_a2_seaice_conc_v2/NSIDC-0803_SEAICE_AMSR2_N_20260102_v2.0.nc', '/disks/sidads_ftp/DATASETS/nsidc0803_daily_a2_seaice_conc_v2/NSIDC-0803_SEAICE_AMSR2_N_20260103_v2.0.nc']"
2026,    01,  03,     12.466,      0.000, ['/disks/sidads_ftp/DATASETS/nsidc0803_daily_a2_seaice_conc_v2/NSIDC-0803_SEAICE_AMSR2_N_20260103_v2.0.nc']
2026,    01,  04,     12.564,      0.000,"['/disks/sidads_ftp/DATASETS/nsidc0803_daily_a2_seaice_conc_v2/NSIDC-0803_SEAICE_AMSR2_N_20260103_v2.0.nc', '/disks/sidads_ftp/DATASETS/nsidc0803_daily_a2_seaice_conc_v2/NSIDC-0803_SEAICE_AMSR2_N_20260104_v2.0.nc', '/disks/sidads_ftp/DATASETS/nsidc0803_daily_a2_seaice_conc_v2/NSIDC-0803_SEAICE_AMSR2_N_20260105_v2.0.nc']"
2026,    01,  05,     12.693,      0.000,"['/disks/sidads_ftp/DATASETS/nsidc0803_daily_a2_seaice_conc_v2/NSIDC-0803_SEAICE_AMSR2_N_20260104_v2.0.nc', '/disks/sidads_ftp/DATASETS/nsidc0803_daily_a2_seaice_conc_v2/NSIDC-0803_SEAICE_AMSR2_N_20260105_v2.0.nc', '/disks/sidads_ftp/DATASETS/nsidc0803_daily_a2_seaice_conc_v2/NSIDC-0803_SEAICE_AMSR2_N_20260106_v2.0.nc']"
2026,    01,  06,     12.787,      0.000,"['/disks/sidads_ftp/DATASETS/nsidc0803_daily_a2_seaice_conc_v2/NSIDC-0803_SEAICE_AMSR2_N_20260105_v2.0.nc', '/disks/sidads_ftp/DATASETS/nsidc0803_daily_a2_seaice_conc_v2/NSIDC-0803_SEAICE_AMSR2_N_20260106_v2.0.nc', '/disks/sidads_ftp/DATASETS/nsidc0803_daily_a2_seaice_conc_v2/NSIDC-0803_SEAICE_AMSR2_N_20260107_v2.0.nc']"
2026,    01,  07,     12.931,      0.000,"['/disks/sidads_ftp/DATASETS/nsidc0803_daily_a2_seaice_conc_v2/NSIDC-0803_SEAICE_AMSR2_N_20260106_v2.0.nc', '/disks/sidads_ftp/DATASETS/nsidc0803_daily_a2_seaice_conc_v2/NSIDC-0803_SEAICE_AMSR2_N_20260107_v2.0.nc', '/disks/sidads_ftp/DATASETS/nsidc0803_daily_a2_seaice_conc_v2/NSIDC-0803_SEAICE_AMSR2_N_20260108_v2.0.nc']"
2026,    01,  08,     12.965,      0.000, ['/disks/sidads_ftp/DATASETS/nsidc0803_daily_a2_seaice_conc_v2/NSIDC-0803_SEAICE_AMSR2_N_20260108_v2.0.nc']
2026,    01,  09,     12.966,      0.000,"['/disks/sidads_ftp/DATASETS/nsidc0803_daily_a2_seaice_conc_v2/NSIDC-0803_SEAICE_AMSR2_N_20260108_v2.0.nc', '/disks/sidads_ftp/DATASETS/nsidc0803_daily_a2_seaice_conc_v2/NSIDC-0803_SEAICE_AMSR2_N_20260109_v2.0.nc', '/disks/sidads_ftp/DATASETS/nsidc0803_daily_a2_seaice_conc_v2/NSIDC-0803_SEAICE_AMSR2_N_20260110_v2.0.nc']"
2026,    01,  10,     13.075,      0.000, ['/disks/sidads_ftp/DATASETS/nsidc0803_daily_a2_seaice_conc_v2/NSIDC-0803_SEAICE_AMSR2_N_20260110_v2.0.nc']
2026,    01,  11,     13.105,      0.000,"['/disks/sidads_ftp/DATASETS/nsidc0803_daily_a2_seaice_conc_v2/NSIDC-0803_SEAICE_AMSR2_N_20260110_v2.0.nc', '/disks/sidads_ftp/DATASETS/nsidc0803_daily_a2_seaice_conc_v2/NSIDC-0803_SEAICE_AMSR2_N_20260111_v2.0.nc', '/disks/sidads_ftp/DATASETS/nsidc0803_daily_a2_seaice_conc_v2/NSIDC-0803_SEAICE_AMSR2_N_20260112_v2.0.nc']"
2026,    01,  12,     13.349,      0.000,"['/disks/sidads_ftp/DATASETS/nsidc0803_daily_a2_seaice_conc_v2/NSIDC-0803_SEAICE_AMSR2_N_20260111_v2.0.nc', '/disks/sidads_ftp/DATASETS/nsidc0803_daily_a2_seaice_conc_v2/NSIDC-0803_SEAICE_AMSR2_N_20260112_v2.0.nc', '/disks/sidads_ftp/DATASETS/nsidc0803_daily_a2_seaice_conc_v2/NSIDC-0803_SEAICE_AMSR2_N_20260113_v2.0.nc']"
2026,    01,  13,     13.149,      0.000,"['/disks/sidads_ftp/DATASETS/nsidc0803_daily_a2_seaice_conc_v2/NSIDC-0803_SEAICE_AMSR2_N_20260112_v2.0.nc', '/disks/sidads_ftp/DATASETS/nsidc0803_daily_a2_seaice_conc_v2/NSIDC-0803_SEAICE_AMSR2_N_20260113_v2.0.nc', '/disks/sidads_ftp/DATASETS/nsidc0803_daily_a2_seaice_conc_v2/NSIDC-0803_SEAICE_AMSR2_N_20260114_v2.0.nc']"
2026,    01,  14,     13.144,      0.000,"['/disks/sidads_ftp/DATASETS/nsidc0803_daily_a2_seaice_conc_v2/NSIDC-0803_SEAICE_AMSR2_N_20260113_v2.0.nc', '/disks/sidads_ftp/DATASETS/nsidc0803_daily_a2_seaice_conc_v2/NSIDC-0803_SEAICE_AMSR2_N_20260114_v2.0.nc', '/disks/sidads_ftp/DATASETS/nsidc0803_daily_a2_seaice_conc_v2/NSIDC-0803_SEAICE_AMSR2_N_20260115_v2.0.nc']"
2026,    01,  15,     13.099,      0.000, ['/disks/sidads_ftp/DATASETS/nsidc0803_daily_a2_seaice_conc_v2/NSIDC-0803_SEAICE_AMSR2_N_20260115_v2.0.nc']
2026,    01,  16,     13.102,      0.000,"['/disks/sidads_ftp/DATASETS/nsidc0803_daily_a2_seaice_conc_v2/NSIDC-0803_SEAICE_AMSR2_N_20260115_v2.0.nc', '/disks/sidads_ftp/DATASETS/nsidc0803_daily_a2_seaice_conc_v2/NSIDC-0803_SEAICE_AMSR2_N_20260116_v2.0.nc', '/disks/sidads_ftp/DATASETS/nsidc0803_daily_a2_seaice_conc_v2/NSIDC-0803_SEAICE_AMSR2_N_20260117_v2.0.nc']"
2026,    01,  17,     13.124,      0.000, ['/disks/sidads_ftp/DATASETS/nsidc0803_daily_a2_seaice_conc_v2/NSIDC-0803_SEAICE_AMSR2_N_20260117_v2.0.nc']
2026,    01,  18,     13.029,      0.000,"['/disks/sidads_ftp/DATASETS/nsidc0803_daily_a2_seaice_conc_v2/NSIDC-0803_SEAICE_AMSR2_N_20260117_v2.0.nc', '/disks/sidads_ftp/DATASETS/nsidc0803_daily_a2_seaice_conc_v2/NSIDC-0803_SEAICE_AMSR2_N_20260118_v2.0.nc', '/disks/sidads_ftp/DATASETS/nsidc0803_daily_a2_seaice_conc_v2/NSIDC-0803_SEAICE_AMSR2_N_20260119_v2.0.nc']"
2026,    01,  19,     13.062,      0.000, ['/disks/sidads_ftp/DATASETS/nsidc0803_daily_a2_seaice_conc_v2/NSIDC-0803_SEAICE_AMSR2_N_20260119_v2.0.nc']
2026,    01,  20,     13.117,      0.000,"['/disks/sidads_ftp/DATASETS/nsidc0803_daily_a2_seaice_conc_v2/NSIDC-0803_SEAICE_AMSR2_N_20260119_v2.0.nc', '/disks/sidads_ftp/DATASETS/nsidc0803_daily_a2_seaice_conc_v2/NSIDC-0803_SEAICE_AMSR2_N_20260120_v2.0.nc', '/disks/sidads_ftp/DATASETS/nsidc0803_daily_a2_seaice_conc_v2/NSIDC-0803_SEAICE_AMSR2_N_20260121_v2.0.nc']"
2026,    01,  21,     13.205,      0.000,"['/disks/sidads_ftp/DATASETS/nsidc0803_daily_a2_seaice_conc_v2/NSIDC-0803_SEAICE_AMSR2_N_20260120_v2.0.nc', '/disks/sidads_ftp/DATASETS/nsidc0803_daily_a2_seaice_conc_v2/NSIDC-0803_SEAICE_AMSR2_N_20260121_v2.0.nc', '/disks/sidads_ftp/DATASETS/nsidc0803_daily_a2_seaice_conc_v2/NSIDC-0803_SEAICE_AMSR2_N_20260122_v2.0.nc']"
2026,    01,  22,     13.287,      0.000,"['/disks/sidads_ftp/DATASETS/nsidc0803_daily_a2_seaice_conc_v2/NSIDC-0803_SEAICE_AMSR2_N_20260121_v2.0.nc', '/disks/sidads_ftp/DATASETS/nsidc0803_daily_a2_seaice_conc_v2/NSIDC-0803_SEAICE_AMSR2_N_20260122_v2.0.nc', '/disks/sidads_ftp/DATASETS/nsidc0803_daily_a2_seaice_conc_v2/NSIDC-0803_SEAICE_AMSR2_N_20260123_v2.0.nc']"
2026,    01,  23,     13.177,      0.000,"['/disks/sidads_ftp/DATASETS/nsidc0803_daily_a2_seaice_conc_v2/NSIDC-0803_SEAICE_AMSR2_N_20260122_v2.0.nc', '/disks/sidads_ftp/DATASETS/nsidc0803_daily_a2_seaice_conc_v2/NSIDC-0803_SEAICE_AMSR2_N_20260123_v2.0.nc', '/disks/sidads_ftp/DATASETS/nsidc0803_daily_a2_seaice_conc_v2/NSIDC-0803_SEAICE_AMSR2_N_20260124_v2.0.nc']"
2026,    01,  24,     13.353,      0.000, ['/disks/sidads_ftp/DATASETS/nsidc0803_daily_a2_seaice_conc_v2/NSIDC-0803_SEAICE_AMSR2_N_20260124_v2.0.nc']
2026,    01,  25,     13.380,      0.000,"['/disks/sidads_ftp/DATASETS/nsidc0803_daily_a2_seaice_conc_v2/NSIDC-0803_SEAICE_AMSR2_N_20260124_v2.0.nc', '/disks/sidads_ftp/DATASETS/nsidc0803_daily_a2_seaice_conc_v2/NSIDC-0803_SEAICE_AMSR2_N_20260125_v2.0.nc', '/disks/sidads_ftp/DATASETS/nsidc0803_daily_a2_seaice_conc_v2/NSIDC-0803_SEAICE_AMSR2_N_20260126_v2.0.nc']"
2026,    01,  26,     13.371,      0.000, ['/disks/sidads_ftp/DATASETS/nsidc0803_daily_a2_seaice_conc_v2/NSIDC-0803_SEAICE_AMSR2_N_20260126_v2.0.nc']
2026,    01,  27,     13.475,      0.000,"['/disks/sidads_ftp/DATASETS/nsidc0803_daily_a2_seaice_conc_v2/NSIDC-0803_SEAICE_AMSR2_N_20260126_v2.0.nc', '/disks/sidads_ftp/DATASETS/nsidc0803_daily_a2_seaice_conc_v2/NSIDC-0803_SEAICE_AMSR2_N_20260127_v2.0.nc', '/disks/sidads_ftp/DATASETS/nsidc0803_daily_a2_seaice_conc_v2/NSIDC-0803_SEAICE_AMSR2_N_20260128_v2.0.nc']"
2026,    01,  28,     13.541,      0.000,"['/disks/sidads_ftp/DATASETS/nsidc0803_daily_a2_seaice_conc_v2/NSIDC-0803_SEAICE_AMSR2_N_20260127_v2.0.nc', '/disks/sidads_ftp/DATASETS/nsidc0803_daily_a2_seaice_conc_v2/NSIDC-0803_SEAICE_AMSR2_N_20260128_v2.0.nc', '/disks/sidads_ftp/DATASETS/nsidc0803_daily_a2_seaice_conc_v2/NSIDC-0803_SEAICE_AMSR2_N_20260129_v2.0.nc']"
2026,    01,  29,     13.592,      0.000,"['/disks/sidads_ftp/DATASETS/nsidc0803_daily_a2_seaice_conc_v2/NSIDC-0803_SEAICE_AMSR2_N_20260128_v2.0.nc', '/disks/sidads_ftp/DATASETS/nsidc0803_daily_a2_seaice_conc_v2/NSIDC-0803_SEAICE_AMSR2_N_20260129_v2.0.nc', '/disks/sidads_ftp/DATASETS/nsidc0803_daily_a2_seaice_conc_v2/NSIDC-0803_SEAICE_AMSR2_N_20260130_v2.0.nc']"
2026,    01,  30,     13.631,      0.000,"['/disks/sidads_ftp/DATASETS/nsidc0803_daily_a2_seaice_conc_v2/NSIDC-0803_SEAICE_AMSR2_N_20260129_v2.0.nc', '/disks/sidads_ftp/DATASETS/nsidc0803_daily_a2_seaice_conc_v2/NSIDC-0803_SEAICE_AMSR2_N_20260130_v2.0.nc', '/disks/sidads_ftp/DATASETS/nsidc0803_daily_a2_seaice_conc_v2/NSIDC-0803_SEAICE_AMSR2_N_20260131_v2.0.nc']"
2026,    01,  31,     13.721,      0.000, ['/disks/sidads_ftp/DATASETS/nsidc0803_daily_a2_seaice_conc_v2/NSIDC-0803_SEAICE_AMSR2_N_20260131_v2.0.nc']
2026,    02,  01,     13.686,      0.000,"['/disks/sidads_ftp/DATASETS/nsidc0803_daily_a2_seaice_conc_v2/NSIDC-0803_SEAICE_AMSR2_N_20260131_v2.0.nc', '/disks/sidads_ftp/DATASETS/nsidc0803_daily_a2_seaice_conc_v2/NSIDC-0803_SEAICE_AMSR2_N_20260201_v2.0.nc', '/disks/sidads_ftp/DATASETS/nsidc0803_daily_a2_seaice_conc_v2/NSIDC-0803_SEAICE_AMSR2_N_20260202_v2.0.nc']"
2026,    02,  02,     13.776,      0.000,"['/disks/sidads_ftp/DATASETS/nsidc0803_daily_a2_seaice_conc_v2/NSIDC-0803_SEAICE_AMSR2_N_20260201_v2.0.nc', '/disks/sidads_ftp/DATASETS/nsidc0803_daily_a2_seaice_conc_v2/NSIDC-0803_SEAICE_AMSR2_N_20260202_v2.0.nc', '/disks/sidads_ftp/DATASETS/nsidc0803_daily_a2_seaice_conc_v2/NSIDC-0803_SEAICE_AMSR2_N_20260203_v2.0.nc']"
2026,    02,  03,     13.854,      0.000,"['/disks/sidads_ftp/DATASETS/nsidc0803_daily_a2_seaice_conc_v2/NSIDC-0803_SEAICE_AMSR2_N_20260202_v2.0.nc', '/disks/sidads_ftp/DATASETS/nsidc0803_daily_a2_seaice_conc_v2/NSIDC-0803_SEAICE_AMSR2_N_20260203_v2.0.nc', '/disks/sidads_ftp/DATASETS/nsidc0803_daily_a2_seaice_conc_v2/NSIDC-0803_SEAICE_AMSR2_N_20260204_v2.0.nc']"
2026,    02,  04,     13.838,      0.000,"['/disks/sidads_ftp/DATASETS/nsidc0803_daily_a2_seaice_conc_v2/NSIDC-0803_SEAICE_AMSR2_N_20260203_v2.0.nc', '/disks/sidads_ftp/DATASETS/nsidc0803_daily_a2_seaice_conc_v2/NSIDC-0803_SEAICE_AMSR2_N_20260204_v2.0.nc', '/disks/sidads_ftp/DATASETS/nsidc0803_daily_a2_seaice_conc_v2/NSIDC-0803_SEAICE_AMSR2_N_20260205_v2.0.nc']"
2026,    02,  05,     13.993,      0.000,"['/disks/sidads_ftp/DATASETS/nsidc0803_daily_a2_seaice_conc_v2/NSIDC-0803_SEAICE_AMSR2_N_20260204_v2.0.nc', '/disks/sidads_ftp/DATASETS/nsidc0803_daily_a2_seaice_conc_v2/NSIDC-0803_SEAICE_AMSR2_N_20260205_v2.0.nc', '/disks/sidads_ftp/DATASETS/nsidc0803_daily_a2_seaice_conc_v2/NSIDC-0803_SEAICE_AMSR2_N_20260206_v2.0.nc']"
2026,    02,  06,     14.049,      0.000,"['/disks/sidads_ftp/DATASETS/nsidc0803_daily_a2_seaice_conc_v2/NSIDC-0803_SEAICE_AMSR2_N_20260205_v2.0.nc', '/disks/sidads_ftp/DATASETS/nsidc0803_daily_a2_seaice_conc_v2/NSIDC-0803_SEAICE_AMSR2_N_20260206_v2.0.nc', '/disks/sidads_ftp/DATASETS/nsidc0803_daily_a2_seaice_conc_v2/NSIDC-0803_SEAICE_AMSR2_N_20260207_v2.0.nc']"
2026,    02,  07,     14.062,      0.000,"['/disks/sidads_ftp/DATASETS/nsidc0803_daily_a2_seaice_conc_v2/NSIDC-0803_SEAICE_AMSR2_N_20260206_v2.0.nc', '/disks/sidads_ftp/DATASETS/nsidc0803_daily_a2_seaice_conc_v2/NSIDC-0803_SEAICE_AMSR2_N_20260207_v2.0.nc', '/disks/sidads_ftp/DATASETS/nsidc0803_daily_a2_seaice_conc_v2/NSIDC-0803_SEAICE_AMSR2_N_20260208_v2.0.nc']"
2026,    02,  08,     14.079,      0.000,"['/disks/sidads_ftp/DATASETS/nsidc0803_daily_a2_seaice_conc_v2/NSIDC-0803_SEAICE_AMSR2_N_20260207_v2.0.nc', '/disks/sidads_ftp/DATASETS/nsidc0803_daily_a2_seaice_conc_v2/NSIDC-0803_SEAICE_AMSR2_N_20260208_v2.0.nc', '/disks/sidads_ftp/DATASETS/nsidc0803_daily_a2_seaice_conc_v2/NSIDC-0803_SEAICE_AMSR2_N_20260209_v2.0.nc']"
2026,    02,  09,     14.083,      0.000,"['/disks/sidads_ftp/DATASETS/nsidc0803_daily_a2_seaice_conc_v2/NSIDC-0803_SEAICE_AMSR2_N_20260208_v2.0.nc', '/disks/sidads_ftp/DATASETS/nsidc0803_daily_a2_seaice_conc_v2/NSIDC-0803_SEAICE_AMSR2_N_20260209_v2.0.nc', '/disks/sidads_ftp/DATASETS/nsidc0803_daily_a2_seaice_conc_v2/NSIDC-0803_SEAICE_AMSR2_N_20260210_v2.0.nc']"
2026,    02,  10,     14.156,      0.000,"['/disks/sidads_ftp/DATASETS/nsidc0803_daily_a2_seaice_conc_v2/NSIDC-0803_SEAICE_AMSR2_N_20260209_v2.0.nc', '/disks/sidads_ftp/DATASETS/nsidc0803_daily_a2_seaice_conc_v2/NSIDC-0803_SEAICE_AMSR2_N_20260210_v2.0.nc', '/disks/sidads_ftp/DATASETS/nsidc0803_daily_a2_seaice_conc_v2/NSIDC-0803_SEAICE_AMSR2_N_20260211_v2.0.nc']"
2026,    02,  11,     14.098,      0.000,"['/disks/sidads_ftp/DATASETS/nsidc0803_daily_a2_seaice_conc_v2/NSIDC-0803_SEAICE_AMSR2_N_20260210_v2.0.nc', '/disks/sidads_ftp/DATASETS/nsidc0803_daily_a2_seaice_conc_v2/NSIDC-0803_SEAICE_AMSR2_N_20260211_v2.0.nc', '/disks/sidads_ftp/DATASETS/nsidc0803_daily_a2_seaice_conc_v2/NSIDC-0803_SEAICE_AMSR2_N_20260212_v2.0.nc']"
2026,    02,  12,     14.181,      0.000,"['/disks/sidads_ftp/DATASETS/nsidc0803_daily_a2_seaice_conc_v2/NSIDC-0803_SEAICE_AMSR2_N_20260211_v2.0.nc', '/disks/sidads_ftp/DATASETS/nsidc0803_daily_a2_seaice_conc_v2/NSIDC-0803_SEAICE_AMSR2_N_20260212_v2.0.nc', '/disks/sidads_ftp/DATASETS/nsidc0803_daily_a2_seaice_conc_v2/NSIDC-0803_SEAICE_AMSR2_N_20260213_v2.0.nc']"
2026,    02,  13,     14.241,      0.000,"['/disks/sidads_ftp/DATASETS/nsidc0803_daily_a2_seaice_conc_v2/NSIDC-0803_SEAICE_AMSR2_N_20260212_v2.0.nc', '/disks/sidads_ftp/DATASETS/nsidc0803_daily_a2_seaice_conc_v2/NSIDC-0803_SEAICE_AMSR2_N_20260213_v2.0.nc', '/disks/sidads_ftp/DATASETS/nsidc0803_daily_a2_seaice_conc_v2/NSIDC-0803_SEAICE_AMSR2_N_20260214_v2.0.nc']"
2026,    02,  14,     14.212,      0.000,"['/disks/sidads_ftp/DATASETS/nsidc0803_daily_a2_seaice_conc_v2/NSIDC-0803_SEAICE_AMSR2_N_20260213_v2.0.nc', '/disks/sidads_ftp/DATASETS/nsidc0803_daily_a2_seaice_conc_v2/NSIDC-0803_SEAICE_AMSR2_N_20260214_v2.0.nc', '/disks/sidads_ftp/DATASETS/nsidc0803_daily_a2_seaice_conc_v2/NSIDC-0803_SEAICE_AMSR2_N_20260215_v2.0.nc']"
2026,    02,  15,     14.165,      0.000,"['/disks/sidads_ftp/DATASETS/nsidc0803_daily_a2_seaice_conc_v2/NSIDC-0803_SEAICE_AMSR2_N_20260214_v2.0.nc', '/disks/sidads_ftp/DATASETS/nsidc0803_daily_a2_seaice_conc_v2/NSIDC-0803_SEAICE_AMSR2_N_20260215_v2.0.nc', '/disks/sidads_ftp/DATASETS/nsidc0803_daily_a2_seaice_conc_v2/NSIDC-0803_SEAICE_AMSR2_N_20260216_v2.0.nc']"
2026,    02,  16,     14.227,      0.000,"['/disks/sidads_ftp/DATASETS/nsidc0803_daily_a2_seaice_conc_v2/NSIDC-0803_SEAICE_AMSR2_N_20260215_v2.0.nc', '/disks/sidads_ftp/DATASETS/nsidc0803_daily_a2_seaice_conc_v2/NSIDC-0803_SEAICE_AMSR2_N_20260216_v2.0.nc', '/disks/sidads_ftp/DATASETS/nsidc0803_daily_a2_seaice_conc_v2/NSIDC-0803_SEAICE_AMSR2_N_20260217_v2.0.nc']"
2026,    02,  17,     14.162,      0.000,"['/disks/sidads_ftp/DATASETS/nsidc0803_daily_a2_seaice_conc_v2/NSIDC-0803_SEAICE_AMSR2_N_20260216_v2.0.nc', '/disks/sidads_ftp/DATASETS/nsidc0803_daily_a2_seaice_conc_v2/NSIDC-0803_SEAICE_AMSR2_N_20260217_v2.0.nc', '/disks/sidads_ftp/DATASETS/nsidc0803_daily_a2_seaice_conc_v2/NSIDC-0803_SEAICE_AMSR2_N_20260218_v2.0.nc']"
2026,    02,  18,     14.207,      0.000,"['/disks/sidads_ftp/DATASETS/nsidc0803_daily_a2_seaice_conc_v2/NSIDC-0803_SEAICE_AMSR2_N_20260217_v2.0.nc', '/disks/sidads_ftp/DATASETS/nsidc0803_daily_a2_seaice_conc_v2/NSIDC-0803_SEAICE_AMSR2_N_20260218_v2.0.nc', '/disks/sidads_ftp/DATASETS/nsidc0803_daily_a2_seaice_conc_v2/NSIDC-0803_SEAICE_AMSR2_N_20260219_v2.0.nc']"
2026,    02,  19,     14.217,      0.000,"['/disks/sidads_ftp/DATASETS/nsidc0803_daily_a2_seaice_conc_v2/NSIDC-0803_SEAICE_AMSR2_N_20260218_v2.0.nc', '/disks/sidads_ftp/DATASETS/nsidc0803_daily_a2_seaice_conc_v2/NSIDC-0803_SEAICE_AMSR2_N_20260219_v2.0.nc', '/disks/sidads_ftp/DATASETS/nsidc0803_daily_a2_seaice_conc_v2/NSIDC-0803_SEAICE_AMSR2_N_20260220_v2.0.nc']"
2026,    02,  20,     14.272,      0.000,"['/disks/sidads_ftp/DATASETS/nsidc0803_daily_a2_seaice_conc_v2/NSIDC-0803_SEAICE_AMSR2_N_20260219_v2.0.nc', '/disks/sidads_ftp/DATASETS/nsidc0803_daily_a2_seaice_conc_v2/NSIDC-0803_SEAICE_AMSR2_N_20260220_v2.0.nc', '/disks/sidads_ftp/DATASETS/nsidc0803_daily_a2_seaice_conc_v2/NSIDC-0803_SEAICE_AMSR2_N_20260221_v2.0.nc']"
2026,    02,  21,     14.216,      0.000,"['/disks/sidads_ftp/DATASETS/nsidc0803_daily_a2_seaice_conc_v2/NSIDC-0803_SEAICE_AMSR2_N_20260220_v2.0.nc', '/disks/sidads_ftp/DATASETS/nsidc0803_daily_a2_seaice_conc_v2/NSIDC-0803_SEAICE_AMSR2_N_20260221_v2.0.nc', '/disks/sidads_ftp/DATASETS/nsidc0803_daily_a2_seaice_conc_v2/NSIDC-0803_SEAICE_AMSR2_N_20260222_v2.0.nc']"
2026,    02,  22,     14.166,      0.000,"['/disks/sidads_ftp/DATASETS/nsidc0803_daily_a2_seaice_conc_v2/NSIDC-0803_SEAICE_AMSR2_N_20260221_v2.0.nc', '/disks/sidads_ftp/DATASETS/nsidc0803_daily_a2_seaice_conc_v2/NSIDC-0803_SEAICE_AMSR2_N_20260222_v2.0.nc', '/disks/sidads_ftp/DATASETS/nsidc0803_daily_a2_seaice_conc_v2/NSIDC-0803_SEAICE_AMSR2_N_20260223_v2.0.nc']"
2026,    02,  23,     14.062,      0.000,"['/disks/sidads_ftp/DATASETS/nsidc0803_daily_a2_seaice_conc_v2/NSIDC-0803_SEAICE_AMSR2_N_20260222_v2.0.nc', '/disks/sidads_ftp/DATASETS/nsidc0803_daily_a2_seaice_conc_v2/NSIDC-0803_SEAICE_AMSR2_N_20260223_v2.0.nc', '/disks/sidads_ftp/DATASETS/nsidc0803_daily_a2_seaice_conc_v2/NSIDC-0803_SEAICE_AMSR2_N_20260224_v2.0.nc']"
2026,    02,  24,     14.135,      0.000,"['/disks/sidads_ftp/DATASETS/nsidc0803_daily_a2_seaice_conc_v2/NSIDC-0803_SEAICE_AMSR2_N_20260223_v2.0.nc', '/disks/sidads_ftp/DATASETS/nsidc0803_daily_a2_seaice_conc_v2/NSIDC-0803_SEAICE_AMSR2_N_20260224_v2.0.nc', '/disks/sidads_ftp/DATASETS/nsidc0803_daily_a2_seaice_conc_v2/NSIDC-0803_SEAICE_AMSR2_N_20260225_v2.0.nc']"
2026,    02,  25,     14.248,      0.000,"['/disks/sidads_ftp/DATASETS/nsidc0803_daily_a2_seaice_conc_v2/NSIDC-0803_SEAICE_AMSR2_N_20260224_v2.0.nc', '/disks/sidads_ftp/DATASETS/nsidc0803_daily_a2_seaice_conc_v2/NSIDC-0803_SEAICE_AMSR2_N_20260225_v2.0.nc', '/disks/sidads_ftp/DATASETS/nsidc0803_daily_a2_seaice_conc_v2/NSIDC-0803_SEAICE_AMSR2_N_20260226_v2.0.nc']"
2026,    02,  26,     14.178,      0.000,"['/disks/sidads_ftp/DATASETS/nsidc0803_daily_a2_seaice_conc_v2/NSIDC-0803_SEAICE_AMSR2_N_20260225_v2.0.nc', '/disks/sidads_ftp/DATASETS/nsidc0803_daily_a2_seaice_conc_v2/NSIDC-0803_SEAICE_AMSR2_N_20260226_v2.0.nc', '/disks/sidads_ftp/DATASETS/nsidc0803_daily_a2_seaice_conc_v2/NSIDC-0803_SEAICE_AMSR2_N_20260227_v2.0.nc']"
2026,    02,  27,     14.069,      0.000,"['/disks/sidads_ftp/DATASETS/nsidc0803_daily_a2_seaice_conc_v2/NSIDC-0803_SEAICE_AMSR2_N_20260226_v2.0.nc', '/disks/sidads_ftp/DATASETS/nsidc0803_daily_a2_seaice_conc_v2/NSIDC-0803_SEAICE_AMSR2_N_20260227_v2.0.nc', '/disks/sidads_ftp/DATASETS/nsidc0803_daily_a2_seaice_conc_v2/NSIDC-0803_SEAICE_AMSR2_N_20260228_v2.0.nc']"
2026,    02,  28,     14.122,      0.000,"['/disks/sidads_ftp/DATASETS/nsidc0803_daily_a2_seaice_conc_v2/NSIDC-0803_SEAICE_AMSR2_N_20260227_v2.0.nc', '/disks/sidads_ftp/DATASETS/nsidc0803_daily_a2_seaice_conc_v2/NSIDC-0803_SEAICE_AMSR2_N_20260228_v2.0.nc', '/disks/sidads_ftp/DATASETS/nsidc0803_daily_a2_seaice_conc_v2/NSIDC-0803_SEAICE_AMSR2_N_20260301_v2.0.nc']"
2026,    03,  01,     14.128,      0.000,"['/disks/sidads_ftp/DATASETS/nsidc0803_daily_a2_seaice_conc_v2/NSIDC-0803_SEAICE_AMSR2_N_20260228_v2.0.nc', '/disks/sidads_ftp/DATASETS/nsidc0803_daily_a2_seaice_conc_v2/NSIDC-0803_SEAICE_AMSR2_N_20260301_v2.0.nc', '/disks/sidads_ftp/DATASETS/nsidc0803_daily_a2_seaice_conc_v2/NSIDC-0803_SEAICE_AMSR2_N_20260302_v2.0.nc']"
2026,    03,  02,     14.051,      0.000,"['/disks/sidads_ftp/DATASETS/nsidc0803_daily_a2_seaice_conc_v2/NSIDC-0803_SEAICE_AMSR2_N_20260301_v2.0.nc', '/disks/sidads_ftp/DATASETS/nsidc0803_daily_a2_seaice_conc_v2/NSIDC-0803_SEAICE_AMSR2_N_20260302_v2.0.nc', '/disks/sidads_ftp/DATASETS/nsidc0803_daily_a2_seaice_conc_v2/NSIDC-0803_SEAICE_AMSR2_N_20260303_v2.0.nc']"
2026,    03,  03,     14.136,      0.000,"['/disks/sidads_ftp/DATASETS/nsidc0803_daily_a2_seaice_conc_v2/NSIDC-0803_SEAICE_AMSR2_N_20260302_v2.0.nc', '/disks/sidads_ftp/DATASETS/nsidc0803_daily_a2_seaice_conc_v2/NSIDC-0803_SEAICE_AMSR2_N_20260303_v2.0.nc', '/disks/sidads_ftp/DATASETS/nsidc0803_daily_a2_seaice_conc_v2/NSIDC-0803_SEAICE_AMSR2_N_20260304_v2.0.nc']"
2026,    03,  04,     14.130,      0.000,"['/disks/sidads_ftp/DATASETS/nsidc0803_daily_a2_seaice_conc_v2/NSIDC-0803_SEAICE_AMSR2_N_20260303_v2.0.nc', '/disks/sidads_ftp/DATASETS/nsidc0803_daily_a2_seaice_conc_v2/NSIDC-0803_SEAICE_AMSR2_N_20260304_v2.0.nc', '/disks/sidads_ftp/DATASETS/nsidc0803_daily_a2_seaice_conc_v2/NSIDC-0803_SEAICE_AMSR2_N_20260305_v2.0.nc']"
2026,    03,  05,     14.136,      0.000,"['/disks/sidads_ftp/DATASETS/nsidc0803_daily_a2_seaice_conc_v2/NSIDC-0803_SEAICE_AMSR2_N_20260304_v2.0.nc', '/disks/sidads_ftp/DATASETS/nsidc0803_daily_a2_seaice_conc_v2/NSIDC-0803_SEAICE_AMSR2_N_20260305_v2.0.nc', '/disks/sidads_ftp/DATASETS/nsidc0803_daily_a2_seaice_conc_v2/NSIDC-0803_SEAICE_AMSR2_N_20260306_v2.0.nc']"
2026,    03,  06,     14.257,      0.000,"['/disks/sidads_ftp/DATASETS/nsidc0803_daily_a2_seaice_conc_v2/NSIDC-0803_SEAICE_AMSR2_N_20260305_v2.0.nc', '/disks/sidads_ftp/DATASETS/nsidc0803_daily_a2_seaice_conc_v2/NSIDC-0803_SEAICE_AMSR2_N_20260306_v2.0.nc', '/disks/sidads_ftp/DATASETS/nsidc0803_daily_a2_seaice_conc_v2/NSIDC-0803_SEAICE_AMSR2_N_20260307_v2.0.nc']"
2026,    03,  07,     14.284,      0.000,"['/disks/sidads_ftp/DATASETS/nsidc0803_daily_a2_seaice_conc_v2/NSIDC-0803_SEAICE_AMSR2_N_20260306_v2.0.nc', '/disks/sidads_ftp/DATASETS/nsidc0803_daily_a2_seaice_conc_v2/NSIDC-0803_SEAICE_AMSR2_N_20260307_v2.0.nc', '/disks/sidads_ftp/DATASETS/nsidc0803_daily_a2_seaice_conc_v2/NSIDC-0803_SEAICE_AMSR2_N_20260308_v2.0.nc']"
2026,    03,  08,     14.238,      0.000,"['/disks/sidads_ftp/DATASETS/nsidc0803_daily_a2_seaice_conc_v2/NSIDC-0803_SEAICE_AMSR2_N_20260307_v2.0.nc', '/disks/sidads_ftp/DATASETS/nsidc0803_daily_a2_seaice_conc_v2/NSIDC-0803_SEAICE_AMSR2_N_20260308_v2.0.nc', '/disks/sidads_ftp/DATASETS/nsidc0803_daily_a2_seaice_conc_v2/NSIDC-0803_SEAICE_AMSR2_N_20260309_v2.0.nc']"
2026,    03,  09,     14.114,      0.000,"['/disks/sidads_ftp/DATASETS/nsidc0803_daily_a2_seaice_conc_v2/NSIDC-0803_SEAICE_AMSR2_N_20260308_v2.0.nc', '/disks/sidads_ftp/DATASETS/nsidc0803_daily_a2_seaice_conc_v2/NSIDC-0803_SEAICE_AMSR2_N_20260309_v2.0.nc', '/disks/sidads_ftp/DATASETS/nsidc0803_daily_a2_seaice_conc_v2/NSIDC-0803_SEAICE_AMSR2_N_20260310_v2.0.nc']"
2026,    03,  10,     14.196,      0.000,"['/disks/sidads_ftp/DATASETS/nsidc0803_daily_a2_seaice_conc_v2/NSIDC-0803_SEAICE_AMSR2_N_20260309_v2.0.nc', '/disks/sidads_ftp/DATASETS/nsidc0803_daily_a2_seaice_conc_v2/NSIDC-0803_SEAICE_AMSR2_N_20260310_v2.0.nc', '/disks/sidads_ftp/DATASETS/nsidc0803_daily_a2_seaice_conc_v2/NSIDC-0803_SEAICE_AMSR2_N_20260311_v2.0.nc']"
2026,    03,  11,     14.230,      0.000,"['/disks/sidads_ftp/DATASETS/nsidc0803_daily_a2_seaice_conc_v2/NSIDC-0803_SEAICE_AMSR2_N_20260310_v2.0.nc', '/disks/sidads_ftp/DATASETS/nsidc0803_daily_a2_seaice_conc_v2/NSIDC-0803_SEAICE_AMSR2_N_20260311_v2.0.nc', '/disks/sidads_ftp/DATASETS/nsidc0803_daily_a2_seaice_conc_v2/NSIDC-0803_SEAICE_AMSR2_N_20260312_v2.0.nc']"
2026,    03,  12,     14.351,      0.000,"['/disks/sidads_ftp/DATASETS/nsidc0803_daily_a2_seaice_conc_v2/NSIDC-0803_SEAICE_AMSR2_N_20260311_v2.0.nc', '/disks/sidads_ftp/DATASETS/nsidc0803_daily_a2_seaice_conc_v2/NSIDC-0803_SEAICE_AMSR2_N_20260312_v2.0.nc', '/disks/sidads_ftp/DATASETS/nsidc0803_daily_a2_seaice_conc_v2/NSIDC-0803_SEAICE_AMSR2_N_20260313_v2.0.nc']"
2026,    03,  13,     14.358,      0.000,"['/disks/sidads_ftp/DATASETS/nsidc0803_daily_a2_seaice_conc_v2/NSIDC-0803_SEAICE_AMSR2_N_20260312_v2.0.nc', '/disks/sidads_ftp/DATASETS/nsidc0803_daily_a2_seaice_conc_v2/NSIDC-0803_SEAICE_AMSR2_N_20260313_v2.0.nc', '/disks/sidads_ftp/DATASETS/nsidc0803_daily_a2_seaice_conc_v2/NSIDC-0803_SEAICE_AMSR2_N_20260314_v2.0.nc']"
2026,    03,  14,     14.283,      0.000,"['/disks/sidads_ftp/DATASETS/nsidc0803_daily_a2_seaice_conc_v2/NSIDC-0803_SEAICE_AMSR2_N_20260313_v2.0.nc', '/disks/sidads_ftp/DATASETS/nsidc0803_daily_a2_seaice_conc_v2/NSIDC-0803_SEAICE_AMSR2_N_20260314_v2.0.nc', '/disks/sidads_ftp/DATASETS/nsidc0803_daily_a2_seaice_conc_v2/NSIDC-0803_SEAICE_AMSR2_N_20260315_v2.0.nc']"
2026,    03,  15,     14.207,      0.000,"['/disks/sidads_ftp/DATASETS/nsidc0803_daily_a2_seaice_conc_v2/NSIDC-0803_SEAICE_AMSR2_N_20260314_v2.0.nc', '/disks/sidads_ftp/DATASETS/nsidc0803_daily_a2_seaice_conc_v2/NSIDC-0803_SEAICE_AMSR2_N_20260315_v2.0.nc', '/disks/sidads_ftp/DATASETS/nsidc0803_daily_a2_seaice_conc_v2/NSIDC-0803_SEAICE_AMSR2_N_20260316_v2.0.nc']"
2026,    03,  16,     14.191,      0.000,"['/disks/sidads_ftp/DATASETS/nsidc0803_daily_a2_seaice_conc_v2/NSIDC-0803_SEAICE_AMSR2_N_20260315_v2.0.nc', '/disks/sidads_ftp/DATASETS/nsidc0803_daily_a2_seaice_conc_v2/NSIDC-0803_SEAICE_AMSR2_N_20260316_v2.0.nc', '/disks/sidads_ftp/DATASETS/nsidc0803_daily_a2_seaice_conc_v2/NSIDC-0803_SEAICE_AMSR2_N_20260317_v2.0.nc']"
2026,    03,  17,     14.106,      0.000,"['/disks/sidads_ftp/DATASETS/nsidc0803_daily_a2_seaice_conc_v2/NSIDC-0803_SEAICE_AMSR2_N_20260316_v2.0.nc', '/disks/sidads_ftp/DATASETS/nsidc0803_daily_a2_seaice_conc_v2/NSIDC-0803_SEAICE_AMSR2_N_20260317_v2.0.nc', '/disks/sidads_ftp/DATASETS/nsidc0803_daily_a2_seaice_conc_v2/NSIDC-0803_SEAICE_AMSR2_N_20260318_v2.0.nc']"
2026,    03,  18,     14.150,      0.000,"['/disks/sidads_ftp/DATASETS/nsidc0803_daily_a2_seaice_conc_v2/NSIDC-0803_SEAICE_AMSR2_N_20260317_v2.0.nc', '/disks/sidads_ftp/DATASETS/nsidc0803_daily_a2_seaice_conc_v2/NSIDC-0803_SEAICE_AMSR2_N_20260318_v2.0.nc', '/disks/sidads_ftp/DATASETS/nsidc0803_daily_a2_seaice_conc_v2/NSIDC-0803_SEAICE_AMSR2_N_20260319_v2.0.nc']"
2026,    03,  19,     14.056,      0.000,"['/disks/sidads_ftp/DATASETS/nsidc0803_daily_a2_seaice_conc_v2/NSIDC-0803_SEAICE_AMSR2_N_20260318_v2.0.nc', '/disks/sidads_ftp/DATASETS/nsidc0803_daily_a2_seaice_conc_v2/NSIDC-0803_SEAICE_AMSR2_N_20260319_v2.0.nc', '/disks/sidads_ftp/DATASETS/nsidc0803_daily_a2_seaice_conc_v2/NSIDC-0803_SEAICE_AMSR2_N_20260320_v2.0.nc']"
2026,    03,  20,     14.105,      0.000,"['/disks/sidads_ftp/DATASETS/nsidc0803_daily_a2_seaice_conc_v2/NSIDC-0803_SEAICE_AMSR2_N_20260319_v2.0.nc', '/disks/sidads_ftp/DATASETS/nsidc0803_daily_a2_seaice_conc_v2/NSIDC-0803_SEAICE_AMSR2_N_20260320_v2.0.nc', '/disks/sidads_ftp/DATASETS/nsidc0803_daily_a2_seaice_conc_v2/NSIDC-0803_SEAICE_AMSR2_N_20260321_v2.0.nc']"
2026,    03,  21,     14.059,      0.000,"['/disks/sidads_ftp/DATASETS/nsidc0803_daily_a2_seaice_conc_v2/NSIDC-0803_SEAICE_AMSR2_N_20260320_v2.0.nc', '/disks/sidads_ftp/DATASETS/nsidc0803_daily_a2_seaice_conc_v2/NSIDC-0803_SEAICE_AMSR2_N_20260321_v2.0.nc', '/disks/sidads_ftp/DATASETS/nsidc0803_daily_a2_seaice_conc_v2/NSIDC-0803_SEAICE_AMSR2_N_20260322_v2.0.nc']"
2026,    03,  22,     13.962,      0.000,"['/disks/sidads_ftp/DATASETS/nsidc0803_daily_a2_seaice_conc_v2/NSIDC-0803_SEAICE_AMSR2_N_20260321_v2.0.nc', '/disks/sidads_ftp/DATASETS/nsidc0803_daily_a2_seaice_conc_v2/NSIDC-0803_SEAICE_AMSR2_N_20260322_v2.0.nc', '/disks/sidads_ftp/DATASETS/nsidc0803_daily_a2_seaice_conc_v2/NSIDC-0803_SEAICE_AMSR2_N_20260323_v2.0.nc']"
2026,    03,  23,     13.981,      0.000,"['/disks/sidads_ftp/DATASETS/nsidc0803_daily_a2_seaice_conc_v2/NSIDC-0803_SEAICE_AMSR2_N_20260322_v2.0.nc', '/disks/sidads_ftp/DATASETS/nsidc0803_daily_a2_seaice_conc_v2/NSIDC-0803_SEAICE_AMSR2_N_20260323_v2.0.nc', '/disks/sidads_ftp/DATASETS/nsidc0803_daily_a2_seaice_conc_v2/NSIDC-0803_SEAICE_AMSR2_N_20260324_v2.0.nc']"
2026,    03,  24,     14.012,      0.000, ['/disks/sidads_ftp/DATASETS/nsidc0803_daily_a2_seaice_conc_v2/NSIDC-0803_SEAICE_AMSR2_N_20260324_v2.0.nc']
2026,    03,  25,     14.038,      0.000,"['/disks/sidads_ftp/DATASETS/nsidc0803_daily_a2_seaice_conc_v2/NSIDC-0803_SEAICE_AMSR2_N_20260324_v2.0.nc', '/disks/sidads_ftp/DATASETS/nsidc0803_daily_a2_seaice_conc_v2/NSIDC-0803_SEAICE_AMSR2_N_20260325_v2.0.nc', '/disks/sidads_ftp/DATASETS/nsidc0803_daily_a2_seaice_conc_v2/NSIDC-0803_SEAICE_AMSR2_N_20260326_v2.0.nc']"
2026,    03,  26,     14.090,      0.000,"['/disks/sidads_ftp/DATASETS/nsidc0803_daily_a2_seaice_conc_v2/NSIDC-0803_SEAICE_AMSR2_N_20260325_v2.0.nc', '/disks/sidads_ftp/DATASETS/nsidc0803_daily_a2_seaice_conc_v2/NSIDC-0803_SEAICE_AMSR2_N_20260326_v2.0.nc', '/disks/sidads_ftp/DATASETS/nsidc0803_daily_a2_seaice_conc_v2/NSIDC-0803_SEAICE_AMSR2_N_20260327_v2.0.nc']"
2026,    03,  27,     14.090,      0.000,"['/disks/sidads_ftp/DATASETS/nsidc0803_daily_a2_seaice_conc_v2/NSIDC-0803_SEAICE_AMSR2_N_20260326_v2.0.nc', '/disks/sidads_ftp/DATASETS/nsidc0803_daily_a2_seaice_conc_v2/NSIDC-0803_SEAICE_AMSR2_N_20260327_v2.0.nc', '/disks/sidads_ftp/DATASETS/nsidc0803_daily_a2_seaice_conc_v2/NSIDC-0803_SEAICE_AMSR2_N_20260328_v2.0.nc']"
2026,    03,  28,     14.036,      0.000,"['/disks/sidads_ftp/DATASETS/nsidc0803_daily_a2_seaice_conc_v2/NSIDC-0803_SEAICE_AMSR2_N_20260327_v2.0.nc', '/disks/sidads_ftp/DATASETS/nsidc0803_daily_a2_seaice_conc_v2/NSIDC-0803_SEAICE_AMSR2_N_20260328_v2.0.nc', '/disks/sidads_ftp/DATASETS/nsidc0803_daily_a2_seaice_conc_v2/NSIDC-0803_SEAICE_AMSR2_N_20260329_v2.0.nc']"
2026,    03,  29,     14.047,      0.000,"['/disks/sidads_ftp/DATASETS/nsidc0803_daily_a2_seaice_conc_v2/NSIDC-0803_SEAICE_AMSR2_N_20260328_v2.0.nc', '/disks/sidads_ftp/DATASETS/nsidc0803_daily_a2_seaice_conc_v2/NSIDC-0803_SEAICE_AMSR2_N_20260329_v2.0.nc', '/disks/sidads_ftp/DATASETS/nsidc0803_daily_a2_seaice_conc_v2/NSIDC-0803_SEAICE_AMSR2_N_20260330_v2.0.nc']"
2026,    03,  30,     14.055,      0.000,"['/disks/sidads_ftp/DATASETS/nsidc0803_daily_a2_seaice_conc_v2/NSIDC-0803_SEAICE_AMSR2_N_20260329_v2.0.nc', '/disks/sidads_ftp/DATASETS/nsidc0803_daily_a2_seaice_conc_v2/NSIDC-0803_SEAICE_AMSR2_N_20260330_v2.0.nc', '/disks/sidads_ftp/DATASETS/nsidc0803_daily_a2_seaice_conc_v2/NSIDC-0803_SEAICE_AMSR2_N_20260331_v2.0.nc']"
2026,    03,  31,     13.983,      0.000,"['/disks/sidads_ftp/DATASETS/nsidc0803_daily_a2_seaice_conc_v2/NSIDC-0803_SEAICE_AMSR2_N_20260330_v2.0.nc', '/disks/sidads_ftp/DATASETS/nsidc0803_daily_a2_seaice_conc_v2/NSIDC-0803_SEAICE_AMSR2_N_20260331_v2.0.nc', '/disks/sidads_ftp/DATASETS/nsidc0803_daily_a2_seaice_conc_v2/NSIDC-0803_SEAICE_AMSR2_N_20260401_v2.0.nc']"
2026,    04,  01,     13.991,      0.000,"['/disks/sidads_ftp/DATASETS/nsidc0803_daily_a2_seaice_conc_v2/NSIDC-0803_SEAICE_AMSR2_N_20260331_v2.0.nc', '/disks/sidads_ftp/DATASETS/nsidc0803_daily_a2_seaice_conc_v2/NSIDC-0803_SEAICE_AMSR2_N_20260401_v2.0.nc', '/disks/sidads_ftp/DATASETS/nsidc0803_daily_a2_seaice_conc_v2/NSIDC-0803_SEAICE_AMSR2_N_20260402_v2.0.nc']"
2026,    04,  02,     13.952,      0.000,"['/disks/sidads_ftp/DATASETS/nsidc0803_daily_a2_seaice_conc_v2/NSIDC-0803_SEAICE_AMSR2_N_20260401_v2.0.nc', '/disks/sidads_ftp/DATASETS/nsidc0803_daily_a2_seaice_conc_v2/NSIDC-0803_SEAICE_AMSR2_N_20260402_v2.0.nc', '/disks/sidads_ftp/DATASETS/nsidc0803_daily_a2_seaice_conc_v2/NSIDC-0803_SEAICE_AMSR2_N_20260403_v2.0.nc']"
2026,    04,  03,     13.986,      0.000,"['/disks/sidads_ftp/DATASETS/nsidc0803_daily_a2_seaice_conc_v2/NSIDC-0803_SEAICE_AMSR2_N_20260402_v2.0.nc', '/disks/sidads_ftp/DATASETS/nsidc0803_daily_a2_seaice_conc_v2/NSIDC-0803_SEAICE_AMSR2_N_20260403_v2.0.nc', '/disks/sidads_ftp/DATASETS/nsidc0803_daily_a2_seaice_conc_v2/NSIDC-0803_SEAICE_AMSR2_N_20260404_v2.0.nc']"
2026,    04,  04,     14.011,      0.000,"['/disks/sidads_ftp/DATASETS/nsidc0803_daily_a2_seaice_conc_v2/NSIDC-0803_SEAICE_AMSR2_N_20260403_v2.0.nc', '/disks/sidads_ftp/DATASETS/nsidc0803_daily_a2_seaice_conc_v2/NSIDC-0803_SEAICE_AMSR2_N_20260404_v2.0.nc', '/disks/sidads_ftp/DATASETS/nsidc0803_daily_a2_seaice_conc_v2/NSIDC-0803_SEAICE_AMSR2_N_20260405_v2.0.nc']"
2026,    04,  05,     13.978,      0.000,"['/disks/sidads_ftp/DATASETS/nsidc0803_daily_a2_seaice_conc_v2/NSIDC-0803_SEAICE_AMSR2_N_20260404_v2.0.nc', '/disks/sidads_ftp/DATASETS/nsidc0803_daily_a2_seaice_conc_v2/NSIDC-0803_SEAICE_AMSR2_N_20260405_v2.0.nc', '/disks/sidads_ftp/DATASETS/nsidc0803_daily_a2_seaice_conc_v2/NSIDC-0803_SEAICE_AMSR2_N_20260406_v2.0.nc']"
2026,    04,  06,     14.047,      0.000,"['/disks/sidads_ftp/DATASETS/nsidc0803_daily_a2_seaice_conc_v2/NSIDC-0803_SEAICE_AMSR2_N_20260405_v2.0.nc', '/disks/sidads_ftp/DATASETS/nsidc0803_daily_a2_seaice_conc_v2/NSIDC-0803_SEAICE_AMSR2_N_20260406_v2.0.nc', '/disks/sidads_ftp/DATASETS/nsidc0803_daily_a2_seaice_conc_v2/NSIDC-0803_SEAICE_AMSR2_N_20260407_v2.0.nc']"
2026,    04,  07,     14.041,      0.000,"['/disks/sidads_ftp/DATASETS/nsidc0803_daily_a2_seaice_conc_v2/NSIDC-0803_SEAICE_AMSR2_N_20260406_v2.0.nc', '/disks/sidads_ftp/DATASETS/nsidc0803_daily_a2_seaice_conc_v2/NSIDC-0803_SEAICE_AMSR2_N_20260407_v2.0.nc', '/disks/sidads_ftp/DATASETS/nsidc0803_daily_a2_seaice_conc_v2/NSIDC-0803_SEAICE_AMSR2_N_20260408_v2.0.nc']"
2026,    04,  08,     13.981,      0.000,"['/disks/sidads_ftp/DATASETS/nsidc0803_daily_a2_seaice_conc_v2/NSIDC-0803_SEAICE_AMSR2_N_20260407_v2.0.nc', '/disks/sidads_ftp/DATASETS/nsidc0803_daily_a2_seaice_conc_v2/NSIDC-0803_SEAICE_AMSR2_N_20260408_v2.0.nc', '/disks/sidads_ftp/DATASETS/nsidc0803_daily_a2_seaice_conc_v2/NSIDC-0803_SEAICE_AMSR2_N_20260409_v2.0.nc']"
2026,    04,  09,     13.851,      0.000,"['/disks/sidads_ftp/DATASETS/nsidc0803_daily_a2_seaice_conc_v2/NSIDC-0803_SEAICE_AMSR2_N_20260408_v2.0.nc', '/disks/sidads_ftp/DATASETS/nsidc0803_daily_a2_seaice_conc_v2/NSIDC-0803_SEAICE_AMSR2_N_20260409_v2.0.nc', '/disks/sidads_ftp/DATASETS/nsidc0803_daily_a2_seaice_conc_v2/NSIDC-0803_SEAICE_AMSR2_N_20260410_v2.0.nc']"
2026,    04,  10,     13.793,      0.000,"['/disks/sidads_ftp/DATASETS/nsidc0803_daily_a2_seaice_conc_v2/NSIDC-0803_SEAICE_AMSR2_N_20260409_v2.0.nc', '/disks/sidads_ftp/DATASETS/nsidc0803_daily_a2_seaice_conc_v2/NSIDC-0803_SEAICE_AMSR2_N_20260410_v2.0.nc', '/disks/sidads_ftp/DATASETS/nsidc0803_daily_a2_seaice_conc_v2/NSIDC-0803_SEAICE_AMSR2_N_20260411_v2.0.nc']"
2026,    04,  11,     13.719,      0.000,"['/disks/sidads_ftp/DATASETS/nsidc0803_daily_a2_seaice_conc_v2/NSIDC-0803_SEAICE_AMSR2_N_20260410_v2.0.nc', '/disks/sidads_ftp/DATASETS/nsidc0803_daily_a2_seaice_conc_v2/NSIDC-0803_SEAICE_AMSR2_N_20260411_v2.0.nc', '/disks/sidads_ftp/DATASETS/nsidc0803_daily_a2_seaice_conc_v2/NSIDC-0803_SEAICE_AMSR2_N_20260412_v2.0.nc']"
2026,    04,  12,     13.692,      0.000,"['/disks/sidads_ftp/DATASETS/nsidc0803_daily_a2_seaice_conc_v2/NSIDC-0803_SEAICE_AMSR2_N_20260411_v2.0.nc', '/disks/sidads_ftp/DATASETS/nsidc0803_daily_a2_seaice_conc_v2/NSIDC-0803_SEAICE_AMSR2_N_20260412_v2.0.nc', '/disks/sidads_ftp/DATASETS/nsidc0803_daily_a2_seaice_conc_v2/NSIDC-0803_SEAICE_AMSR2_N_20260413_v2.0.nc']"
2026,    04,  13,     13.635,      0.000,"['/disks/sidads_ftp/DATASETS/nsidc0803_daily_a2_seaice_conc_v2/NSIDC-0803_SEAICE_AMSR2_N_20260412_v2.0.nc', '/disks/sidads_ftp/DATASETS/nsidc0803_daily_a2_seaice_conc_v2/NSIDC-0803_SEAICE_AMSR2_N_20260413_v2.0.nc', '/disks/sidads_ftp/DATASETS/nsidc0803_daily_a2_seaice_conc_v2/NSIDC-0803_SEAICE_AMSR2_N_20260414_v2.0.nc']"
2026,    04,  14,     13.601,      0.000,"['/disks/sidads_ftp/DATASETS/nsidc0803_daily_a2_seaice_conc_v2/NSIDC-0803_SEAICE_AMSR2_N_20260413_v2.0.nc', '/disks/sidads_ftp/DATASETS/nsidc0803_daily_a2_seaice_conc_v2/NSIDC-0803_SEAICE_AMSR2_N_20260414_v2.0.nc', '/disks/sidads_ftp/DATASETS/nsidc0803_daily_a2_seaice_conc_v2/NSIDC-0803_SEAICE_AMSR2_N_20260415_v2.0.nc']"
2026,    04,  15,     13.484,      0.000,"['/disks/sidads_ftp/DATASETS/nsidc0803_daily_a2_seaice_conc_v2/NSIDC-0803_SEAICE_AMSR2_N_20260414_v2.0.nc', '/disks/sidads_ftp/DATASETS/nsidc0803_daily_a2_seaice_conc_v2/NSIDC-0803_SEAICE_AMSR2_N_20260415_v2.0.nc', '/disks/sidads_ftp/DATASETS/nsidc0803_daily_a2_seaice_conc_v2/NSIDC-0803_SEAICE_AMSR2_N_20260416_v2.0.nc']"
2026,    04,  16,     13.458,      0.000,"['/disks/sidads_ftp/DATASETS/nsidc0803_daily_a2_seaice_conc_v2/NSIDC-0803_SEAICE_AMSR2_N_20260415_v2.0.nc', '/disks/sidads_ftp/DATASETS/nsidc0803_daily_a2_seaice_conc_v2/NSIDC-0803_SEAICE_AMSR2_N_20260416_v2.0.nc', '/disks/sidads_ftp/DATASETS/nsidc0803_daily_a2_seaice_conc_v2/NSIDC-0803_SEAICE_AMSR2_N_20260417_v2.0.nc']"
2026,    04,  17,     13.512,      0.000,"['/disks/sidads_ftp/DATASETS/nsidc0803_daily_a2_seaice_conc_v2/NSIDC-0803_SEAICE_AMSR2_N_20260416_v2.0.nc', '/disks/sidads_ftp/DATASETS/nsidc0803_daily_a2_seaice_conc_v2/NSIDC-0803_SEAICE_AMSR2_N_20260417_v2.0.nc', '/disks/sidads_ftp/DATASETS/nsidc0803_daily_a2_seaice_conc_v2/NSIDC-0803_SEAICE_AMSR2_N_20260418_v2.0.nc']"
2026,    04,  18,     13.624,      0.000,"['/disks/sidads_ftp/DATASETS/nsidc0803_daily_a2_seaice_conc_v2/NSIDC-0803_SEAICE_AMSR2_N_20260417_v2.0.nc', '/disks/sidads_ftp/DATASETS/nsidc0803_daily_a2_seaice_conc_v2/NSIDC-0803_SEAICE_AMSR2_N_20260418_v2.0.nc', '/disks/sidads_ftp/DATASETS/nsidc0803_daily_a2_seaice_conc_v2/NSIDC-0803_SEAICE_AMSR2_N_20260419_v2.0.nc']"
2026,    04,  19,     13.648,      0.000,"['/disks/sidads_ftp/DATASETS/nsidc0803_daily_a2_seaice_conc_v2/NSIDC-0803_SEAICE_AMSR2_N_20260418_v2.0.nc', '/disks/sidads_ftp/DATASETS/nsidc0803_daily_a2_seaice_conc_v2/NSIDC-0803_SEAICE_AMSR2_N_20260419_v2.0.nc', '/disks/sidads_ftp/DATASETS/nsidc0803_daily_a2_seaice_conc_v2/NSIDC-0803_SEAICE_AMSR2_N_20260420_v2.0.nc']"
2026,    04,  20,     13.413,      0.000,"['/disks/sidads_ftp/DATASETS/nsidc0803_daily_a2_seaice_conc_v2/NSIDC-0803_SEAICE_AMSR2_N_20260419_v2.0.nc', '/disks/sidads_ftp/DATASETS/nsidc0803_daily_a2_seaice_conc_v2/NSIDC-0803_SEAICE_AMSR2_N_20260420_v2.0.nc', '/disks/sidads_ftp/DATASETS/nsidc0803_daily_a2_seaice_conc_v2/NSIDC-0803_SEAICE_AMSR2_N_20260421_v2.0.nc']"
2026,    04,  21,     13.372,      0.000,"['/disks/sidads_ftp/DATASETS/nsidc0803_daily_a2_seaice_conc_v2/NSIDC-0803_SEAICE_AMSR2_N_20260420_v2.0.nc', '/disks/sidads_ftp/DATASETS/nsidc0803_daily_a2_seaice_conc_v2/NSIDC-0803_SEAICE_AMSR2_N_20260421_v2.0.nc', '/disks/sidads_ftp/DATASETS/nsidc0803_daily_a2_seaice_conc_v2/NSIDC-0803_SEAICE_AMSR2_N_20260422_v2.0.nc']"
2026,    04,  22,     13.314,      0.000,"['/disks/sidads_ftp/DATASETS/nsidc0803_daily_a2_seaice_conc_v2/NSIDC-0803_SEAICE_AMSR2_N_20260421_v2.0.nc', '/disks/sidads_ftp/DATASETS/nsidc0803_daily_a2_seaice_conc_v2/NSIDC-0803_SEAICE_AMSR2_N_20260422_v2.0.nc', '/disks/sidads_ftp/DATASETS/nsidc0803_daily_a2_seaice_conc_v2/NSIDC-0803_SEAICE_AMSR2_N_20260423_v2.0.nc']"
2026,    04,  23,     13.224,      0.000,"['/disks/sidads_ftp/DATASETS/nsidc0803_daily_a2_seaice_conc_v2/NSIDC-0803_SEAICE_AMSR2_N_20260422_v2.0.nc', '/disks/sidads_ftp/DATASETS/nsidc0803_daily_a2_seaice_conc_v2/NSIDC-0803_SEAICE_AMSR2_N_20260423_v2.0.nc', '/disks/sidads_ftp/DATASETS/nsidc0803_daily_a2_seaice_conc_v2/NSIDC-0803_SEAICE_AMSR2_N_20260424_v2.0.nc']"
2026,    04,  24,     13.193,      0.000,"['/disks/sidads_ftp/DATASETS/nsidc0803_daily_a2_seaice_conc_v2/NSIDC-0803_SEAICE_AMSR2_N_20260423_v2.0.nc', '/disks/sidads_ftp/DATASETS/nsidc0803_daily_a2_seaice_conc_v2/NSIDC-0803_SEAICE_AMSR2_N_20260424_v2.0.nc', '/disks/sidads_ftp/DATASETS/nsidc0803_daily_a2_seaice_conc_v2/NSIDC-0803_SEAICE_AMSR2_N_20260425_v2.0.nc']"
2026,    04,  25,     13.215,      0.000, ['/disks/sidads_ftp/DATASETS/nsidc0803_daily_a2_seaice_conc_v2/NSIDC-0803_SEAICE_AMSR2_N_20260425_v2.0.nc']
2026,    04,  26,     13.197,      0.000,"['/disks/sidads_ftp/DATASETS/nsidc0803_daily_a2_seaice_conc_v2/NSIDC-0803_SEAICE_AMSR2_N_20260425_v2.0.nc', '/disks/sidads_ftp/DATASETS/nsidc0803_daily_a2_seaice_conc_v2/NSIDC-0803_SEAICE_AMSR2_N_20260426_v2.0.nc', '/disks/sidads_ftp/DATASETS/nsidc0803_daily_a2_seaice_conc_v2/NSIDC-0803_SEAICE_AMSR2_N_20260427_v2.0.nc']"
2026,    04,  27,     13.066,      0.000,"['/disks/sidads_ftp/DATASETS/nsidc0803_daily_a2_seaice_conc_v2/NSIDC-0803_SEAICE_AMSR2_N_20260426_v2.0.nc', '/disks/sidads_ftp/DATASETS/nsidc0803_daily_a2_seaice_conc_v2/NSIDC-0803_SEAICE_AMSR2_N_20260427_v2.0.nc', '/disks/sidads_ftp/DATASETS/nsidc0803_daily_a2_seaice_conc_v2/NSIDC-0803_SEAICE_AMSR2_N_20260428_v2.0.nc']"
2026,    04,  28,     13.078,      0.000,"['/disks/sidads_ftp/DATASETS/nsidc0803_daily_a2_seaice_conc_v2/NSIDC-0803_SEAICE_AMSR2_N_20260427_v2.0.nc', '/disks/sidads_ftp/DATASETS/nsidc0803_daily_a2_seaice_conc_v2/NSIDC-0803_SEAICE_AMSR2_N_20260428_v2.0.nc', '/disks/sidads_ftp/DATASETS/nsidc0803_daily_a2_seaice_conc_v2/NSIDC-0803_SEAICE_AMSR2_N_20260429_v2.0.nc']"
2026,    04,  29,     12.998,      0.000,"['/disks/sidads_ftp/DATASETS/nsidc0803_daily_a2_seaice_conc_v2/NSIDC-0803_SEAICE_AMSR2_N_20260428_v2.0.nc', '/disks/sidads_ftp/DATASETS/nsidc0803_daily_a2_seaice_conc_v2/NSIDC-0803_SEAICE_AMSR2_N_20260429_v2.0.nc', '/disks/sidads_ftp/DATASETS/nsidc0803_daily_a2_seaice_conc_v2/NSIDC-0803_SEAICE_AMSR2_N_20260430_v2.0.nc']"
2026,    04,  30,     12.979,      0.000,"['/disks/sidads_ftp/DATASETS/nsidc0803_daily_a2_seaice_conc_v2/NSIDC-0803_SEAICE_AMSR2_N_20260429_v2.0.nc', '/disks/sidads_ftp/DATASETS/nsidc0803_daily_a2_seaice_conc_v2/NSIDC-0803_SEAICE_AMSR2_N_20260430_v2.0.nc', '/disks/sidads_ftp/DATASETS/nsidc0803_daily_a2_seaice_conc_v2/NSIDC-0803_SEAICE_AMSR2_N_20260501_v2.0.nc']"
2026,    05,  01,     12.841,      0.000,"['/disks/sidads_ftp/DATASETS/nsidc0803_daily_a2_seaice_conc_v2/NSIDC-0803_SEAICE_AMSR2_N_20260430_v2.0.nc', '/disks/sidads_ftp/DATASETS/nsidc0803_daily_a2_seaice_conc_v2/NSIDC-0803_SEAICE_AMSR2_N_20260501_v2.0.nc', '/disks/sidads_ftp/DATASETS/nsidc0803_daily_a2_seaice_conc_v2/NSIDC-0803_SEAICE_AMSR2_N_20260502_v2.0.nc']"
2026,    05,  02,     12.795,      0.000, ['/disks/sidads_ftp/DATASETS/nsidc0803_daily_a2_seaice_conc_v2/NSIDC-0803_SEAICE_AMSR2_N_20260502_v2.0.nc']
2026,    05,  03,     12.691,      0.000,"['/disks/sidads_ftp/DATASETS/nsidc0803_daily_a2_seaice_conc_v2/NSIDC-0803_SEAICE_AMSR2_N_20260502_v2.0.nc', '/disks/sidads_ftp/DATASETS/nsidc0803_daily_a2_seaice_conc_v2/NSIDC-0803_SEAICE_AMSR2_N_20260503_v2.0.nc', '/disks/sidads_ftp/DATASETS/nsidc0803_daily_a2_seaice_conc_v2/NSIDC-0803_SEAICE_AMSR2_N_20260504_v2.0.nc']"
2026,    05,  04,     12.668,      0.000,"['/disks/sidads_ftp/DATASETS/nsidc0803_daily_a2_seaice_conc_v2/NSIDC-0803_SEAICE_AMSR2_N_20260503_v2.0.nc', '/disks/sidads_ftp/DATASETS/nsidc0803_daily_a2_seaice_conc_v2/NSIDC-0803_SEAICE_AMSR2_N_20260504_v2.0.nc', '/disks/sidads_ftp/DATASETS/nsidc0803_daily_a2_seaice_conc_v2/NSIDC-0803_SEAICE_AMSR2_N_20260505_v2.0.nc']"
2026,    05,  05,     12.580,      0.000,"['/disks/sidads_ftp/DATASETS/nsidc0803_daily_a2_seaice_conc_v2/NSIDC-0803_SEAICE_AMSR2_N_20260504_v2.0.nc', '/disks/sidads_ftp/DATASETS/nsidc0803_daily_a2_seaice_conc_v2/NSIDC-0803_SEAICE_AMSR2_N_20260505_v2.0.nc', '/disks/sidads_ftp/DATASETS/nsidc0803_daily_a2_seaice_conc_v2/NSIDC-0803_SEAICE_AMSR2_N_20260506_v2.0.nc']"
2026,    05,  06,     12.473,      0.000,"['/disks/sidads_ftp/DATASETS/nsidc0803_daily_a2_seaice_conc_v2/NSIDC-0803_SEAICE_AMSR2_N_20260505_v2.0.nc', '/disks/sidads_ftp/DATASETS/nsidc0803_daily_a2_seaice_conc_v2/NSIDC-0803_SEAICE_AMSR2_N_20260506_v2.0.nc', '/disks/sidads_ftp/DATASETS/nsidc0803_daily_a2_seaice_conc_v2/NSIDC-0803_SEAICE_AMSR2_N_20260507_v2.0.nc']"
2026,    05,  07,     12.455,      0.000, ['/disks/sidads_ftp/DATASETS/nsidc0803_daily_a2_seaice_conc_v2/NSIDC-0803_SEAICE_AMSR2_N_20260507_v2.0.nc']
2026,    05,  08,     12.391,      0.000,"['/disks/sidads_ftp/DATASETS/nsidc0803_daily_a2_seaice_conc_v2/NSIDC-0803_SEAICE_AMSR2_N_20260507_v2.0.nc', '/disks/sidads_ftp/DATASETS/nsidc0803_daily_a2_seaice_conc_v2/NSIDC-0803_SEAICE_AMSR2_N_20260508_v2.0.nc', '/disks/sidads_ftp/DATASETS/nsidc0803_daily_a2_seaice_conc_v2/NSIDC-0803_SEAICE_AMSR2_N_20260509_v2.0.nc']"
2026,    05,  09,     12.381,      0.000, ['/disks/sidads_ftp/DATASETS/nsidc0803_daily_a2_seaice_conc_v2/NSIDC-0803_SEAICE_AMSR2_N_20260509_v2.0.nc']
2026,    05,  10,     12.445,      0.000,"['/disks/sidads_ftp/DATASETS/nsidc0803_daily_a2_seaice_conc_v2/NSIDC-0803_SEAICE_AMSR2_N_20260509_v2.0.nc', '/disks/sidads_ftp/DATASETS/nsidc0803_daily_a2_seaice_conc_v2/NSIDC-0803_SEAICE_AMSR2_N_20260510_v2.0.nc', '/disks/sidads_ftp/DATASETS/nsidc0803_daily_a2_seaice_conc_v2/NSIDC-0803_SEAICE_AMSR2_N_20260511_v2.0.nc']"
2026,    05,  11,     12.445,      0.000, ['/disks/sidads_ftp/DATASETS/nsidc0803_daily_a2_seaice_conc_v2/NSIDC-0803_SEAICE_AMSR2_N_20260511_v2.0.nc']
2026,    05,  12,     12.455,      0.000,"['/disks/sidads_ftp/DATASETS/nsidc0803_daily_a2_seaice_conc_v2/NSIDC-0803_SEAICE_AMSR2_N_20260511_v2.0.nc', '/disks/sidads_ftp/DATASETS/nsidc0803_daily_a2_seaice_conc_v2/NSIDC-0803_SEAICE_AMSR2_N_20260512_v2.0.nc', '/disks/sidads_ftp/DATASETS/nsidc0803_daily_a2_seaice_conc_v2/NSIDC-0803_SEAICE_AMSR2_N_20260513_v2.0.nc']"
2026,    05,  13,     12.359,      0.000,"['/disks/sidads_ftp/DATASETS/nsidc0803_daily_a2_seaice_conc_v2/NSIDC-0803_SEAICE_AMSR2_N_20260512_v2.0.nc', '/disks/sidads_ftp/DATASETS/nsidc0803_daily_a2_seaice_conc_v2/NSIDC-0803_SEAICE_AMSR2_N_20260513_v2.0.nc', '/disks/sidads_ftp/DATASETS/nsidc0803_daily_a2_seaice_conc_v2/NSIDC-0803_SEAICE_AMSR2_N_20260514_v2.0.nc']"
2026,    05,  14,     12.295,      0.000,"['/disks/sidads_ftp/DATASETS/nsidc0803_daily_a2_seaice_conc_v2/NSIDC-0803_SEAICE_AMSR2_N_20260513_v2.0.nc', '/disks/sidads_ftp/DATASETS/nsidc0803_daily_a2_seaice_conc_v2/NSIDC-0803_SEAICE_AMSR2_N_20260514_v2.0.nc', '/disks/sidads_ftp/DATASETS/nsidc0803_daily_a2_seaice_conc_v2/NSIDC-0803_SEAICE_AMSR2_N_20260515_v2.0.nc']"
2026,    05,  15,     12.267,      0.000,"['/disks/sidads_ftp/DATASETS/nsidc0803_daily_a2_seaice_conc_v2/NSIDC-0803_SEAICE_AMSR2_N_20260514_v2.0.nc', '/disks/sidads_ftp/DATASETS/nsidc0803_daily_a2_seaice_conc_v2/NSIDC-0803_SEAICE_AMSR2_N_20260515_v2.0.nc', '/disks/sidads_ftp/DATASETS/nsidc0803_daily_a2_seaice_conc_v2/NSIDC-0803_SEAICE_AMSR2_N_20260516_v2.0.nc']"
2026,    05,  16,     12.244,      0.000, ['/disks/sidads_ftp/DATASETS/nsidc0803_daily_a2_seaice_conc_v2/NSIDC-0803_SEAICE_AMSR2_N_20260516_v2.0.nc']
2026,    05,  17,     12.192,      0.000,"['/disks/sidads_ftp/DATASETS/nsidc0803_daily_a2_seaice_conc_v2/NSIDC-0803_SEAICE_AMSR2_N_20260516_v2.0.nc', '/disks/sidads_ftp/DATASETS/nsidc0803_daily_a2_seaice_conc_v2/NSIDC-0803_SEAICE_AMSR2_N_20260517_v2.0.nc', '/disks/sidads_ftp/DATASETS/nsidc0803_daily_a2_seaice_conc_v2/NSIDC-0803_SEAICE_AMSR2_N_20260518_v2.0.nc']"
2026,    05,  18,     12.019,      0.000, ['/disks/sidads_ftp/DATASETS/nsidc0803_daily_a2_seaice_conc_v2/NSIDC-0803_SEAICE_AMSR2_N_20260518_v2.0.nc']
2026,    05,  19,     12.036,      0.000,"['/disks/sidads_ftp/DATASETS/nsidc0803_daily_a2_seaice_conc_v2/NSIDC-0803_SEAICE_AMSR2_N_20260518_v2.0.nc', '/disks/sidads_ftp/DATASETS/nsidc0803_daily_a2_seaice_conc_v2/NSIDC-0803_SEAICE_AMSR2_N_20260519_v2.0.nc', '/disks/sidads_ftp/DATASETS/nsidc0803_daily_a2_seaice_conc_v2/NSIDC-0803_SEAICE_AMSR2_N_20260520_v2.0.nc']"
2026,    05,  20,     11.861,      0.000,"['/disks/sidads_ftp/DATASETS/nsidc0803_daily_a2_seaice_conc_v2/NSIDC-0803_SEAICE_AMSR2_N_20260519_v2.0.nc', '/disks/sidads_ftp/DATASETS/nsidc0803_daily_a2_seaice_conc_v2/NSIDC-0803_SEAICE_AMSR2_N_20260520_v2.0.nc', '/disks/sidads_ftp/DATASETS/nsidc0803_daily_a2_seaice_conc_v2/NSIDC-0803_SEAICE_AMSR2_N_20260521_v2.0.nc']"
2026,    05,  21,     11.902,      0.000,"['/disks/sidads_ftp/DATASETS/nsidc0803_daily_a2_seaice_conc_v2/NSIDC-0803_SEAICE_AMSR2_N_20260520_v2.0.nc', '/disks/sidads_ftp/DATASETS/nsidc0803_daily_a2_seaice_conc_v2/NSIDC-0803_SEAICE_AMSR2_N_20260521_v2.0.nc', '/disks/sidads_ftp/DATASETS/nsidc0803_daily_a2_seaice_conc_v2/NSIDC-0803_SEAICE_AMSR2_N_20260522_v2.0.nc']"
2026,    05,  22,     11.794,      0.000,"['/disks/sidads_ftp/DATASETS/nsidc0803_daily_a2_seaice_conc_v2/NSIDC-0803_SEAICE_AMSR2_N_20260521_v2.0.nc', '/disks/sidads_ftp/DATASETS/nsidc0803_daily_a2_seaice_conc_v2/NSIDC-0803_SEAICE_AMSR2_N_20260522_v2.0.nc', '/disks/sidads_ftp/DATASETS/nsidc0803_daily_a2_seaice_conc_v2/NSIDC-0803_SEAICE_AMSR2_N_20260523_v2.0.nc']"
2026,    05,  23,     11.790,      0.000, ['/disks/sidads_ftp/DATASETS/nsidc0803_daily_a2_seaice_conc_v2/NSIDC-0803_SEAICE_AMSR2_N_20260523_v2.0.nc']
2026,    05,  24,     11.703,      0.000,"['/disks/sidads_ftp/DATASETS/nsidc0803_daily_a2_seaice_conc_v2/NSIDC-0803_SEAICE_AMSR2_N_20260523_v2.0.nc', '/disks/sidads_ftp/DATASETS/nsidc0803_daily_a2_seaice_conc_v2/NSIDC-0803_SEAICE_AMSR2_N_20260524_v2.0.nc', '/disks/sidads_ftp/DATASETS/nsidc0803_daily_a2_seaice_conc_v2/NSIDC-0803_SEAICE_AMSR2_N_20260525_v2.0.nc']"
2026,    05,  25,     11.720,      0.000, ['/disks/sidads_ftp/DATASETS/nsidc0803_daily_a2_seaice_conc_v2/NSIDC-0803_SEAICE_AMSR2_N_20260525_v2.0.nc']
2026,    05,  26,     11.771,      0.000,"['/disks/sidads_ftp/DATASETS/nsidc0803_daily_a2_seaice_conc_v2/NSIDC-0803_SEAICE_AMSR2_N_20260525_v2.0.nc', '/disks/sidads_ftp/DATASETS/nsidc0803_daily_a2_seaice_conc_v2/NSIDC-0803_SEAICE_AMSR2_N_20260526_v2.0.nc', '/disks/sidads_ftp/DATASETS/nsidc0803_daily_a2_seaice_conc_v2/NSIDC-0803_SEAICE_AMSR2_N_20260527_v2.0.nc']"
2026,    05,  27,     11.638,      0.000, ['/disks/sidads_ftp/DATASETS/nsidc0803_daily_a2_seaice_conc_v2/NSIDC-0803_SEAICE_AMSR2_N_20260527_v2.0.nc']
2026,    05,  28,     11.586,      0.000,"['/disks/sidads_ftp/DATASETS/nsidc0803_daily_a2_seaice_conc_v2/NSIDC-0803_SEAICE_AMSR2_N_20260527_v2.0.nc', '/disks/sidads_ftp/DATASETS/nsidc0803_daily_a2_seaice_conc_v2/NSIDC-0803_SEAICE_AMSR2_N_20260528_v2.0.nc', '/disks/sidads_ftp/DATASETS/nsidc0803_daily_a2_seaice_conc_v2/NSIDC-0803_SEAICE_AMSR2_N_20260529_v2.0.nc']"
2026,    05,  29,     11.570,      0.000,"['/disks/sidads_ftp/DATASETS/nsidc0803_daily_a2_seaice_conc_v2/NSIDC-0803_SEAICE_AMSR2_N_20260528_v2.0.nc', '/disks/sidads_ftp/DATASETS/nsidc0803_daily_a2_seaice_conc_v2/NSIDC-0803_SEAICE_AMSR2_N_20260529_v2.0.nc', '/disks/sidads_ftp/DATASETS/nsidc0803_daily_a2_seaice_conc_v2/NSIDC-0803_SEAICE_AMSR2_N_20260530_v2.0.nc']"
2026,    05,  30,     11.535,      0.000,"['/disks/sidads_ftp/DATASETS/nsidc0803_daily_a2_seaice_conc_v2/NSIDC-0803_SEAICE_AMSR2_N_20260529_v2.0.nc', '/disks/sidads_ftp/DATASETS/nsidc0803_daily_a2_seaice_conc_v2/NSIDC-0803_SEAICE_AMSR2_N_20260530_v2.0.nc', '/disks/sidads_ftp/DATASETS/nsidc0803_daily_a2_seaice_conc_v2/NSIDC-0803_SEAICE_AMSR2_N_20260531_v2.0.nc']"
2026,    05,  31,     11.439,      0.000,"['/disks/sidads_ftp/DATASETS/nsidc0803_daily_a2_seaice_conc_v2/NSIDC-0803_SEAICE_AMSR2_N_20260530_v2.0.nc', '/disks/sidads_ftp/DATASETS/nsidc0803_daily_a2_seaice_conc_v2/NSIDC-0803_SEAICE_AMSR2_N_20260531_v2.0.nc', '/disks/sidads_ftp/DATASETS/nsidc0803_daily_a2_seaice_conc_v2/NSIDC-0803_SEAICE_AMSR2_N_20260601_v2.0.nc']"
2026,    06,  01,     11.359,      0.000,"['/disks/sidads_ftp/DATASETS/nsidc0803_daily_a2_seaice_conc_v2/NSIDC-0803_SEAICE_AMSR2_N_20260531_v2.0.nc', '/disks/sidads_ftp/DATASETS/nsidc0803_daily_a2_seaice_conc_v2/NSIDC-0803_SEAICE_AMSR2_N_20260601_v2.0.nc', '/disks/sidads_ftp/DATASETS/nsidc0803_daily_a2_seaice_conc_v2/NSIDC-0803_SEAICE_AMSR2_N_20260602_v2.0.nc']"
2026,    06,  02,     11.285,      0.000,"['/disks/sidads_ftp/DATASETS/nsidc0803_daily_a2_seaice_conc_v2/NSIDC-0803_SEAICE_AMSR2_N_20260601_v2.0.nc', '/disks/sidads_ftp/DATASETS/nsidc0803_daily_a2_seaice_conc_v2/NSIDC-0803_SEAICE_AMSR2_N_20260602_v2.0.nc', '/disks/sidads_ftp/DATASETS/nsidc0803_daily_a2_seaice_conc_v2/NSIDC-0803_SEAICE_AMSR2_N_20260603_v2.0.nc']"
2026,    06,  03,     11.227,      0.000,"['/disks/sidads_ftp/DATASETS/nsidc0803_daily_a2_seaice_conc_v2/NSIDC-0803_SEAICE_AMSR2_N_20260602_v2.0.nc', '/disks/sidads_ftp/DATASETS/nsidc0803_daily_a2_seaice_conc_v2/NSIDC-0803_SEAICE_AMSR2_N_20260603_v2.0.nc', '/disks/sidads_ftp/DATASETS/nsidc0803_daily_a2_seaice_conc_v2/NSIDC-0803_SEAICE_AMSR2_N_20260604_v2.0.nc']"
2026,    06,  04,     11.180,      0.000,"['/disks/sidads_ftp/DATASETS/nsidc0803_daily_a2_seaice_conc_v2/NSIDC-0803_SEAICE_AMSR2_N_20260603_v2.0.nc', '/disks/sidads_ftp/DATASETS/nsidc0803_daily_a2_seaice_conc_v2/NSIDC-0803_SEAICE_AMSR2_N_20260604_v2.0.nc', '/disks/sidads_ftp/DATASETS/nsidc0803_daily_a2_seaice_conc_v2/NSIDC-0803_SEAICE_AMSR2_N_20260605_v2.0.nc']"
2026,    06,  05,     11.077,      0.000,"['/disks/sidads_ftp/DATASETS/nsidc0803_daily_a2_seaice_conc_v2/NSIDC-0803_SEAICE_AMSR2_N_20260604_v2.0.nc', '/disks/sidads_ftp/DATASETS/nsidc0803_daily_a2_seaice_conc_v2/NSIDC-0803_SEAICE_AMSR2_N_20260605_v2.0.nc', '/disks/sidads_ftp/DATASETS/nsidc0803_daily_a2_seaice_conc_v2/NSIDC-0803_SEAICE_AMSR2_N_20260606_v2.0.nc']"
2026,    06,  06,     11.048,      0.000,"['/disks/sidads_ftp/DATASETS/nsidc0803_daily_a2_seaice_conc_v2/NSIDC-0803_SEAICE_AMSR2_N_20260605_v2.0.nc', '/disks/sidads_ftp/DATASETS/nsidc0803_daily_a2_seaice_conc_v2/NSIDC-0803_SEAICE_AMSR2_N_20260606_v2.0.nc', '/disks/sidads_ftp/DATASETS/nsidc0803_daily_a2_seaice_conc_v2/NSIDC-0803_SEAICE_AMSR2_N_20260607_v2.0.nc']"
2026,    06,  07,     10.998,      0.000,"['/disks/sidads_ftp/DATASETS/nsidc0803_daily_a2_seaice_conc_v2/NSIDC-0803_SEAICE_AMSR2_N_20260606_v2.0.nc', '/disks/sidads_ftp/DATASETS/nsidc0803_daily_a2_seaice_conc_v2/NSIDC-0803_SEAICE_AMSR2_N_20260607_v2.0.nc', '/disks/sidads_ftp/DATASETS/nsidc0803_daily_a2_seaice_conc_v2/NSIDC-0803_SEAICE_AMSR2_N_20260608_v2.0.nc']"
2026,    06,  08,     10.970,      0.000, ['/disks/sidads_ftp/DATASETS/nsidc0803_daily_a2_seaice_conc_v2/NSIDC-0803_SEAICE_AMSR2_N_20260608_v2.0.nc']
2026,    06,  09,     10.884,      0.000,"['/disks/sidads_ftp/DATASETS/nsidc0803_daily_a2_seaice_conc_v2/NSIDC-0803_SEAICE_AMSR2_N_20260608_v2.0.nc', '/disks/sidads_ftp/DATASETS/nsidc0803_daily_a2_seaice_conc_v2/NSIDC-0803_SEAICE_AMSR2_N_20260609_v2.0.nc', '/disks/sidads_ftp/DATASETS/nsidc0803_daily_a2_seaice_conc_v2/NSIDC-0803_SEAICE_AMSR2_N_20260610_v2.0.nc']"
2026,    06,  10,     10.793,      0.000,"['/disks/sidads_ftp/DATASETS/nsidc0803_daily_a2_seaice_conc_v2/NSIDC-0803_SEAICE_AMSR2_N_20260609_v2.0.nc', '/disks/sidads_ftp/DATASETS/nsidc0803_daily_a2_seaice_conc_v2/NSIDC-0803_SEAICE_AMSR2_N_20260610_v2.0.nc', '/disks/sidads_ftp/DATASETS/nsidc0803_daily_a2_seaice_conc_v2/NSIDC-0803_SEAICE_AMSR2_N_20260611_v2.0.nc']"
2026,    06,  11,     10.759,      0.000,"['/disks/sidads_ftp/DATASETS/nsidc0803_daily_a2_seaice_conc_v2/NSIDC-0803_SEAICE_AMSR2_N_20260610_v2.0.nc', '/disks/sidads_ftp/DATASETS/nsidc0803_daily_a2_seaice_conc_v2/NSIDC-0803_SEAICE_AMSR2_N_20260611_v2.0.nc', '/disks/sidads_ftp/DATASETS/nsidc0803_daily_a2_seaice_conc_v2/NSIDC-0803_SEAICE_AMSR2_N_20260612_v2.0.nc']"
2026,    06,  12,     10.620,      0.000, ['/disks/sidads_ftp/DATASETS/nsidc0803_daily_a2_seaice_conc_v2/NSIDC-0803_SEAICE_AMSR2_N_20260612_v2.0.nc']
2026,    06,  13,     10.644,      0.000,"['/disks/sidads_ftp/DATASETS/nsidc0803_daily_a2_seaice_conc_v2/NSIDC-0803_SEAICE_AMSR2_N_20260612_v2.0.nc', '/disks/sidads_ftp/DATASETS/nsidc0803_daily_a2_seaice_conc_v2/NSIDC-0803_SEAICE_AMSR2_N_20260613_v2.0.nc', '/disks/sidads_ftp/DATASETS/nsidc0803_daily_a2_seaice_conc_v2/NSIDC-0803_SEAICE_AMSR2_N_20260614_v2.0.nc']"
2026,    06,  14,     10.648,      0.000,"['/disks/sidads_ftp/DATASETS/nsidc0803_daily_a2_seaice_conc_v2/NSIDC-0803_SEAICE_AMSR2_N_20260613_v2.0.nc', '/disks/sidads_ftp/DATASETS/nsidc0803_daily_a2_seaice_conc_v2/NSIDC-0803_SEAICE_AMSR2_N_20260614_v2.0.nc', '/disks/sidads_ftp/DATASETS/nsidc0803_daily_a2_seaice_conc_v2/NSIDC-0803_SEAICE_AMSR2_N_20260615_v2.0.nc']"
2026,    06,  15,     10.570,      0.000,"['/disks/sidads_ftp/DATASETS/nsidc0803_daily_a2_seaice_conc_v2/NSIDC-0803_SEAICE_AMSR2_N_20260614_v2.0.nc', '/disks/sidads_ftp/DATASETS/nsidc0803_daily_a2_seaice_conc_v2/NSIDC-0803_SEAICE_AMSR2_N_20260615_v2.0.nc', '/disks/sidads_ftp/DATASETS/nsidc0803_daily_a2_seaice_conc_v2/NSIDC-0803_SEAICE_AMSR2_N_20260616_v2.0.nc']"
2026,    06,  16,     10.452,      0.000,"['/disks/sidads_ftp/DATASETS/nsidc0803_daily_a2_seaice_conc_v2/NSIDC-0803_SEAICE_AMSR2_N_20260615_v2.0.nc', '/disks/sidads_ftp/DATASETS/nsidc0803_daily_a2_seaice_conc_v2/NSIDC-0803_SEAICE_AMSR2_N_20260616_v2.0.nc', '/disks/sidads_ftp/DATASETS/nsidc0803_daily_a2_seaice_conc_v2/NSIDC-0803_SEAICE_AMSR2_N_20260617_v2.0.nc']"
2026,    06,  17,     10.368,      0.000,"['/disks/sidads_ftp/DATASETS/nsidc0803_daily_a2_seaice_conc_v2/NSIDC-0803_SEAICE_AMSR2_N_20260616_v2.0.nc', '/disks/sidads_ftp/DATASETS/nsidc0803_daily_a2_seaice_conc_v2/NSIDC-0803_SEAICE_AMSR2_N_20260617_v2.0.nc', '/disks/sidads_ftp/DATASETS/nsidc0803_daily_a2_seaice_conc_v2/NSIDC-0803_SEAICE_AMSR2_N_20260618_v2.0.nc']"
2026,    06,  18,     10.374,      0.000,"['/disks/sidads_ftp/DATASETS/nsidc0803_daily_a2_seaice_conc_v2/NSIDC-0803_SEAICE_AMSR2_N_20260617_v2.0.nc', '/disks/sidads_ftp/DATASETS/nsidc0803_daily_a2_seaice_conc_v2/NSIDC-0803_SEAICE_AMSR2_N_20260618_v2.0.nc', '/disks/sidads_ftp/DATASETS/nsidc0803_daily_a2_seaice_conc_v2/NSIDC-0803_SEAICE_AMSR2_N_20260619_v2.0.nc']"
2026,    06,  19,     10.234,      0.000,"['/disks/sidads_ftp/DATASETS/nsidc0803_daily_a2_seaice_conc_v2/NSIDC-0803_SEAICE_AMSR2_N_20260618_v2.0.nc', '/disks/sidads_ftp/DATASETS/nsidc0803_daily_a2_seaice_conc_v2/NSIDC-0803_SEAICE_AMSR2_N_20260619_v2.0.nc', '/disks/sidads_ftp/DATASETS/nsidc0803_daily_a2_seaice_conc_v2/NSIDC-0803_SEAICE_AMSR2_N_20260620_v2.0.nc']"
2026,    06,  20,     10.180,      0.000,"['/disks/sidads_ftp/DATASETS/nsidc0803_daily_a2_seaice_conc_v2/NSIDC-0803_SEAICE_AMSR2_N_20260619_v2.0.nc', '/disks/sidads_ftp/DATASETS/nsidc0803_daily_a2_seaice_conc_v2/NSIDC-0803_SEAICE_AMSR2_N_20260620_v2.0.nc', '/disks/sidads_ftp/DATASETS/nsidc0803_daily_a2_seaice_conc_v2/NSIDC-0803_SEAICE_AMSR2_N_20260621_v2.0.nc']"
2026,    06,  21,     10.108,      0.000, ['/disks/sidads_ftp/DATASETS/nsidc0803_daily_a2_seaice_conc_v2/NSIDC-0803_SEAICE_AMSR2_N_20260621_v2.0.nc']
2026,    06,  22,     10.112,      0.000,"['/disks/sidads_ftp/DATASETS/nsidc0803_daily_a2_seaice_conc_v2/NSIDC-0803_SEAICE_AMSR2_N_20260621_v2.0.nc', '/disks/sidads_ftp/DATASETS/nsidc0803_daily_a2_seaice_conc_v2/NSIDC-0803_SEAICE_AMSR2_N_20260622_v2.0.nc', '/disks/sidads_ftp/DATASETS/nsidc0803_daily_a2_seaice_conc_v2/NSIDC-0803_SEAICE_AMSR2_N_20260623_v2.0.nc']"
2026,    06,  23,     10.058,      0.000,"['/disks/sidads_ftp/DATASETS/nsidc0803_daily_a2_seaice_conc_v2/NSIDC-0803_SEAICE_AMSR2_N_20260622_v2.0.nc', '/disks/sidads_ftp/DATASETS/nsidc0803_daily_a2_seaice_conc_v2/NSIDC-0803_SEAICE_AMSR2_N_20260623_v2.0.nc', '/disks/sidads_ftp/DATASETS/nsidc0803_daily_a2_seaice_conc_v2/NSIDC-0803_SEAICE_AMSR2_N_20260624_v2.0.nc']"
2026,    06,  24,      9.982,      0.000, ['/disks/sidads_ftp/DATASETS/nsidc0803_daily_a2_seaice_conc_v2/NSIDC-0803_SEAICE_AMSR2_N_20260624_v2.0.nc']
2026,    06,  25,      9.764,      0.000,"['/disks/sidads_ftp/DATASETS/nsidc0803_daily_a2_seaice_conc_v2/NSIDC-0803_SEAICE_AMSR2_N_20260624_v2.0.nc', '/disks/sidads_ftp/DATASETS/nsidc0803_daily_a2_seaice_conc_v2/NSIDC-0803_SEAICE_AMSR2_N_20260625_v2.0.nc', '/disks/sidads_ftp/DATASETS/nsidc0803_daily_a2_seaice_conc_v2/NSIDC-0803_SEAICE_AMSR2_N_20260626_v2.0.nc']"
2026,    06,  26,      9.555,      0.000, ['/disks/sidads_ftp/DATASETS/nsidc0803_daily_a2_seaice_conc_v2/NSIDC-0803_SEAICE_AMSR2_N_20260626_v2.0.nc']
2026,    06,  27,      9.576,      0.000,"['/disks/sidads_ftp/DATASETS/nsidc0803_daily_a2_seaice_conc_v2/NSIDC-0803_SEAICE_AMSR2_N_20260626_v2.0.nc', '/disks/sidads_ftp/DATASETS/nsidc0803_daily_a2_seaice_conc_v2/NSIDC-0803_SEAICE_AMSR2_N_20260627_v2.0.nc', '/disks/sidads_ftp/DATASETS/nsidc0803_daily_a2_seaice_conc_v2/NSIDC-0803_SEAICE_AMSR2_N_20260628_v2.0.nc']"
2026,    06,  28,      9.480,      0.000,"['/disks/sidads_ftp/DATASETS/nsidc0803_daily_a2_seaice_conc_v2/NSIDC-0803_SEAICE_AMSR2_N_20260627_v2.0.nc', '/disks/sidads_ftp/DATASETS/nsidc0803_daily_a2_seaice_conc_v2/NSIDC-0803_SEAICE_AMSR2_N_20260628_v2.0.nc', '/disks/sidads_ftp/DATASETS/nsidc0803_daily_a2_seaice_conc_v2/NSIDC-0803_SEAICE_AMSR2_N_20260629_v2.0.nc']"
2026,    06,  29,      9.262,      0.000,"['/disks/sidads_ftp/DATASETS/nsidc0803_daily_a2_seaice_conc_v2/NSIDC-0803_SEAICE_AMSR2_N_20260628_v2.0.nc', '/disks/sidads_ftp/DATASETS/nsidc0803_daily_a2_seaice_conc_v2/NSIDC-0803_SEAICE_AMSR2_N_20260629_v2.0.nc', '/disks/sidads_ftp/DATASETS/nsidc0803_daily_a2_seaice_conc_v2/NSIDC-0803_SEAICE_AMSR2_N_20260630_v2.0.nc']"
2026,    06,  30,      9.103,      0.000,"['/disks/sidads_ftp/DATASETS/nsidc0803_daily_a2_seaice_conc_v2/NSIDC-0803_SEAICE_AMSR2_N_20260629_v2.0.nc', '/disks/sidads_ftp/DATASETS/nsidc0803_daily_a2_seaice_conc_v2/NSIDC-0803_SEAICE_AMSR2_N_20260630_v2.0.nc', '/disks/sidads_ftp/DATASETS/nsidc0803_daily_a2_seaice_conc_v2/NSIDC-0803_SEAICE_AMSR2_N_20260701_v2.0.nc']"
2026,    07,  01,      9.034,      0.000,"['/disks/sidads_ftp/DATASETS/nsidc0803_daily_a2_seaice_conc_v2/NSIDC-0803_SEAICE_AMSR2_N_20260630_v2.0.nc', '/disks/sidads_ftp/DATASETS/nsidc0803_daily_a2_seaice_conc_v2/NSIDC-0803_SEAICE_AMSR2_N_20260701_v2.0.nc', '/disks/sidads_ftp/DATASETS/nsidc0803_daily_a2_seaice_conc_v2/NSIDC-0803_SEAICE_AMSR2_N_20260702_v2.0.nc']"
2026,    07,  02,      8.933,      0.000,"['/disks/sidads_ftp/DATASETS/nsidc0803_daily_a2_seaice_conc_v2/NSIDC-0803_SEAICE_AMSR2_N_20260701_v2.0.nc', '/disks/sidads_ftp/DATASETS/nsidc0803_daily_a2_seaice_conc_v2/NSIDC-0803_SEAICE_AMSR2_N_20260702_v2.0.nc', '/disks/sidads_ftp/DATASETS/nsidc0803_daily_a2_seaice_conc_v2/NSIDC-0803_SEAICE_AMSR2_N_20260703_v2.0.nc']"
2026,    07,  03,      8.836,      0.000,"['/disks/sidads_ftp/DATASETS/nsidc0803_daily_a2_seaice_conc_v2/NSIDC-0803_SEAICE_AMSR2_N_20260702_v2.0.nc', '/disks/sidads_ftp/DATASETS/nsidc0803_daily_a2_seaice_conc_v2/NSIDC-0803_SEAICE_AMSR2_N_20260703_v2.0.nc', '/disks/sidads_ftp/DATASETS/nsidc0803_daily_a2_seaice_conc_v2/NSIDC-0803_SEAICE_AMSR2_N_20260704_v2.0.nc']"
2026,    07,  04,      8.773,      0.000,"['/disks/sidads_ftp/DATASETS/nsidc0803_daily_a2_seaice_conc_v2/NSIDC-0803_SEAICE_AMSR2_N_20260703_v2.0.nc', '/disks/sidads_ftp/DATASETS/nsidc0803_daily_a2_seaice_conc_v2/NSIDC-0803_SEAICE_AMSR2_N_20260704_v2.0.nc', '/disks/sidads_ftp/DATASETS/nsidc0803_daily_a2_seaice_conc_v2/NSIDC-0803_SEAICE_AMSR2_N_20260705_v2.0.nc']"
2026,    07,  05,      8.738,      0.000, ['/disks/sidads_ftp/DATASETS/nsidc0803_daily_a2_seaice_conc_v2/NSIDC-0803_SEAICE_AMSR2_N_20260705_v2.0.nc']
2026,    07,  06,      8.671,      0.000,"['/disks/sidads_ftp/DATASETS/nsidc0803_daily_a2_seaice_conc_v2/NSIDC-0803_SEAICE_AMSR2_N_20260705_v2.0.nc', '/disks/sidads_ftp/DATASETS/nsidc0803_daily_a2_seaice_conc_v2/NSIDC-0803_SEAICE_AMSR2_N_20260706_v2.0.nc', '/disks/sidads_ftp/DATASETS/nsidc0803_daily_a2_seaice_conc_v2/NSIDC-0803_SEAICE_AMSR2_N_20260707_v2.0.nc']"
2026,    07,  07,      8.541,      0.000, ['/disks/sidads_ftp/DATASETS/nsidc0803_daily_a2_seaice_conc_v2/NSIDC-0803_SEAICE_AMSR2_N_20260707_v2.0.nc']
2026,    07,  08,      8.528,      0.000,"['/disks/sidads_ftp/DATASETS/nsidc0803_daily_a2_seaice_conc_v2/NSIDC-0803_SEAICE_AMSR2_N_20260707_v2.0.nc', '/disks/sidads_ftp/DATASETS/nsidc0803_daily_a2_seaice_conc_v2/NSIDC-0803_SEAICE_AMSR2_N_20260708_v2.0.nc', '/disks/sidads_ftp/DATASETS/nsidc0803_daily_a2_seaice_conc_v2/NSIDC-0803_SEAICE_AMSR2_N_20260709_v2.0.nc']"
2026,    07,  09,      8.429,      0.000,"['/disks/sidads_ftp/DATASETS/nsidc0803_daily_a2_seaice_conc_v2/NSIDC-0803_SEAICE_AMSR2_N_20260708_v2.0.nc', '/disks/sidads_ftp/DATASETS/nsidc0803_daily_a2_seaice_conc_v2/NSIDC-0803_SEAICE_AMSR2_N_20260709_v2.0.nc', '/disks/sidads_ftp/DATASETS/nsidc0803_daily_a2_seaice_conc_v2/NSIDC-0803_SEAICE_AMSR2_N_20260710_v2.0.nc']"
2026,    07,  10,      8.376,      0.000,"['/disks/sidads_ftp/DATASETS/nsidc0803_daily_a2_seaice_conc_v2/NSIDC-0803_SEAICE_AMSR2_N_20260709_v2.0.nc', '/disks/sidads_ftp/DATASETS/nsidc0803_daily_a2_seaice_conc_v2/NSIDC-0803_SEAICE_AMSR2_N_20260710_v2.0.nc', '/disks/sidads_ftp/DATASETS/nsidc0803_daily_a2_seaice_conc_v2/NSIDC-0803_SEAICE_AMSR2_N_20260711_v2.0.nc']"
2026,    07,  11,      8.255,      0.000,"['/disks/sidads_ftp/DATASETS/nsidc0803_daily_a2_seaice_conc_v2/NSIDC-0803_SEAICE_AMSR2_N_20260710_v2.0.nc', '/disks/sidads_ftp/DATASETS/nsidc0803_daily_a2_seaice_conc_v2/NSIDC-0803_SEAICE_AMSR2_N_20260711_v2.0.nc', '/disks/sidads_ftp/DATASETS/nsidc0803_daily_a2_seaice_conc_v2/NSIDC-0803_SEAICE_AMSR2_N_20260712_v2.0.nc']"
2026,    07,  12,      8.141,      0.000,"['/disks/sidads_ftp/DATASETS/nsidc0803_daily_a2_seaice_conc_v2/NSIDC-0803_SEAICE_AMSR2_N_20260711_v2.0.nc', '/disks/sidads_ftp/DATASETS/nsidc0803_daily_a2_seaice_conc_v2/NSIDC-0803_SEAICE_AMSR2_N_20260712_v2.0.nc', '/disks/sidads_ftp/DATASETS/nsidc0803_daily_a2_seaice_conc_v2/NSIDC-0803_SEAICE_AMSR2_N_20260713_v2.0.nc']"
2026,    07,  13,      8.040,      0.000,"['/disks/sidads_ftp/DATASETS/nsidc0803_daily_a2_seaice_conc_v2/NSIDC-0803_SEAICE_AMSR2_N_20260712_v2.0.nc', '/disks/sidads_ftp/DATASETS/nsidc0803_daily_a2_seaice_conc_v2/NSIDC-0803_SEAICE_AMSR2_N_20260713_v2.0.nc', '/disks/sidads_ftp/DATASETS/nsidc0803_daily_a2_seaice_conc_v2/NSIDC-0803_SEAICE_AMSR2_N_20260714_v2.0.nc']"
2026,    07,  14,      7.964,      0.000,"['/disks/sidads_ftp/DATASETS/nsidc0803_daily_a2_seaice_conc_v2/NSIDC-0803_SEAICE_AMSR2_N_20260713_v2.0.nc', '/disks/sidads_ftp/DATASETS/nsidc0803_daily_a2_seaice_conc_v2/NSIDC-0803_SEAICE_AMSR2_N_20260714_v2.0.nc', '/disks/sidads_ftp/DATASETS/nsidc0803_daily_a2_seaice_conc_v2/NSIDC-0803_SEAICE_AMSR2_N_20260715_v2.0.nc']"
2026,    07,  15,      7.883,      0.000,"['/disks/sidads_ftp/DATASETS/nsidc0803_daily_a2_seaice_conc_v2/NSIDC-0803_SEAICE_AMSR2_N_20260714_v2.0.nc', '/disks/sidads_ftp/DATASETS/nsidc0803_daily_a2_seaice_conc_v2/NSIDC-0803_SEAICE_AMSR2_N_20260715_v2.0.nc', '/disks/sidads_ftp/DATASETS/nsidc0803_daily_a2_seaice_conc_v2/NSIDC-0803_SEAICE_AMSR2_N_20260716_v2.0.nc']"
2026,    07,  16,      7.691,      0.000,"['/disks/sidads_ftp/DATASETS/nsidc0803_daily_a2_seaice_conc_v2/NSIDC-0803_SEAICE_AMSR2_N_20260715_v2.0.nc', '/disks/sidads_ftp/DATASETS/nsidc0803_daily_a2_seaice_conc_v2/NSIDC-0803_SEAICE_AMSR2_N_20260716_v2.0.nc', '/disks/sidads_ftp/DATASETS/nsidc0803_daily_a2_seaice_conc_v2/NSIDC-0803_SEAICE_AMSR2_N_20260717_v2.0.nc']"
2026,    07,  17,      7.576,      0.000,"['/disks/sidads_ftp/DATASETS/nsidc0803_daily_a2_seaice_conc_v2/NSIDC-0803_SEAICE_AMSR2_N_20260716_v2.0.nc', '/disks/sidads_ftp/DATASETS/nsidc0803_daily_a2_seaice_conc_v2/NSIDC-0803_SEAICE_AMSR2_N_20260717_v2.0.nc', '/disks/sidads_ftp/DATASETS/nsidc0803_daily_a2_seaice_conc_v2/NSIDC-0803_SEAICE_AMSR2_N_20260718_v2.0.nc']"
2026,    07,  18,      7.416,      0.000,"['/disks/sidads_ftp/DATASETS/nsidc0803_daily_a2_seaice_conc_v2/NSIDC-0803_SEAICE_AMSR2_N_20260717_v2.0.nc', '/disks/sidads_ftp/DATASETS/nsidc0803_daily_a2_seaice_conc_v2/NSIDC-0803_SEAICE_AMSR2_N_20260718_v2.0.nc', '/disks/sidads_ftp/DATASETS/nsidc0803_daily_a2_seaice_conc_v2/NSIDC-0803_SEAICE_AMSR2_N_20260719_v2.0.nc']"
2026,    07,  19,      7.316,      0.000, ['/disks/sidads_ftp/DATASETS/nsidc0803_daily_a2_seaice_conc_v2/NSIDC-0803_SEAICE_AMSR2_N_20260719_v2.0.nc']
2026,    07,  20,      7.279,      0.000,"['/disks/sidads_ftp/DATASETS/nsidc0803_daily_a2_seaice_conc_v2/NSIDC-0803_SEAICE_AMSR2_N_20260719_v2.0.nc', '/disks/sidads_ftp/DATASETS/nsidc0803_daily_a2_seaice_conc_v2/NSIDC-0803_SEAICE_AMSR2_N_20260720_v2.0.nc', '/disks/sidads_ftp/DATASETS/nsidc0803_daily_a2_seaice_conc_v2/NSIDC-0803_SEAICE_AMSR2_N_20260721_v2.0.nc']"
2026,    07,  21,      7.146,      0.000,"['/disks/sidads_ftp/DATASETS/nsidc0803_daily_a2_seaice_conc_v2/NSIDC-0803_SEAICE_AMSR2_N_20260720_v2.0.nc', '/disks/sidads_ftp/DATASETS/nsidc0803_daily_a2_seaice_conc_v2/NSIDC-0803_SEAICE_AMSR2_N_20260721_v2.0.nc', '/disks/sidads_ftp/DATASETS/nsidc0803_daily_a2_seaice_conc_v2/NSIDC-0803_SEAICE_AMSR2_N_20260722_v2.0.nc']"
2026,    07,  22,      7.111,      0.000,"['/disks/sidads_ftp/DATASETS/nsidc0803_daily_a2_seaice_conc_v2/NSIDC-0803_SEAICE_AMSR2_N_20260721_v2.0.nc', '/disks/sidads_ftp/DATASETS/nsidc0803_daily_a2_seaice_conc_v2/NSIDC-0803_SEAICE_AMSR2_N_20260722_v2.0.nc', '/disks/sidads_ftp/DATASETS/nsidc0803_daily_a2_seaice_conc_v2/NSIDC-0803_SEAICE_AMSR2_N_20260723_v2.0.nc']"
2026,    07,  23,      7.029,      0.000, ['/disks/sidads_ftp/DATASETS/nsidc0803_daily_a2_seaice_conc_v2/NSIDC-0803_SEAICE_AMSR2_N_20260723_v2.0.nc']
2026,    07,  24,      6.972,      0.000,"['/disks/sidads_ftp/DATASETS/nsidc0803_daily_a2_seaice_conc_v2/NSIDC-0803_SEAICE_AMSR2_N_20260723_v2.0.nc', '/disks/sidads_ftp/DATASETS/nsidc0803_daily_a2_seaice_conc_v2/NSIDC-0803_SEAICE_AMSR2_N_20260724_v2.0.nc', '/disks/sidads_ftp/DATASETS/nsidc0803_daily_a2_seaice_conc_v2/NSIDC-0803_SEAICE_AMSR2_N_20260725_v2.0.nc']"
2026,    07,  25,      6.832,      0.000,"['/disks/sidads_ftp/DATASETS/nsidc0803_daily_a2_seaice_conc_v2/NSIDC-0803_SEAICE_AMSR2_N_20260724_v2.0.nc', '/disks/sidads_ftp/DATASETS/nsidc0803_daily_a2_seaice_conc_v2/NSIDC-0803_SEAICE_AMSR2_N_20260725_v2.0.nc', '/disks/sidads_ftp/DATASETS/nsidc0803_daily_a2_seaice_conc_v2/NSIDC-0803_SEAICE_AMSR2_N_20260726_v2.0.nc']"
2026,    07,  26,      6.787,      0.000, ['/disks/sidads_ftp/DATASETS/nsidc0803_daily_a2_seaice_conc_v2/NSIDC-0803_SEAICE_AMSR2_N_20260726_v2.0.nc']
2026,    07,  27,      6.683,      0.000,"['/disks/sidads_ftp/DATASETS/nsidc0803_daily_a2_seaice_conc_v2/NSIDC-0803_SEAICE_AMSR2_N_20260726_v2.0.nc', '/disks/sidads_ftp/DATASETS/nsidc0803_daily_a2_seaice_conc_v2/NSIDC-0803_SEAICE_AMSR2_N_20260727_v2.0.nc', '/disks/sidads_ftp/DATASETS/nsidc0803_daily_a2_seaice_conc_v2/NSIDC-0803_SEAICE_AMSR2_N_20260728_v2.0.nc']"
2026,    07,  28,      6.565,      0.000, ['/disks/sidads_ftp/DATASETS/nsidc0803_daily_a2_seaice_conc_v2/NSIDC-0803_SEAICE_AMSR2_N_20260728_v2.0.nc']
2026,    07,  29,      6.544,      0.000,"['/disks/sidads_ftp/DATASETS/nsidc0803_daily_a2_seaice_conc_v2/NSIDC-0803_SEAICE_AMSR2_N_20260728_v2.0.nc', '/disks/sidads_ftp/DATASETS/nsidc0803_daily_a2_seaice_conc_v2/NSIDC-0803_SEAICE_AMSR2_N_20260729_v2.0.nc', '/disks/sidads_ftp/DATASETS/nsidc0803_daily_a2_seaice_conc_v2/NSIDC-0803_SEAICE_AMSR2_N_20260730_v2.0.nc']"
2026,    07,  30,      6.507,      0.000, ['/disks/sidads_ftp/DATASETS/nsidc0803_daily_a2_seaice_conc_v2/NSIDC-0803_SEAICE_AMSR2_N_20260730_v2.0.nc']
2026,    07,  31,      6.526,      0.000,"['/disks/sidads_ftp/DATASETS/nsidc0803_daily_a2_seaice_conc_v2/NSIDC-0803_SEAICE_AMSR2_N_20260730_v2.0.nc', '/disks/sidads_ftp/DATASETS/nsidc0803_daily_a2_seaice_conc_v2/NSIDC-0803_SEAICE_AMSR2_N_20260731_v2.0.nc', '/disks/sidads_ftp/DATASETS/nsidc0803_daily_a2_seaice_conc_v2/NSIDC-0803_SEAICE_AMSR2_N_20260801_v2.0.nc']"
2026,    08,  01,      6.495,      0.000, ['/disks/sidads_ftp/DATASETS/nsidc0803_daily_a2_seaice_conc_v2/NSIDC-0803_SEAICE_AMSR2_N_20260801_v2.0.nc']
2026,    08,  02,      6.479,      0.000,"['/disks/sidads_ftp/DATASETS/nsidc0803_daily_a2_seaice_conc_v2/NSIDC-0803_SEAICE_AMSR2_N_20260801_v2.0.nc', '/disks/sidads_ftp/DATASETS/nsidc0803_daily_a2_seaice_conc_v2/NSIDC-0803_SEAICE_AMSR2_N_20260802_v2.0.nc', '/disks/sidads_ftp/DATASETS/nsidc0803_daily_a2_seaice_conc_v2/NSIDC-0803_SEAICE_AMSR2_N_20260803_v2.0.nc']"
2026,    08,  03,      6.465,      0.000,"['/disks/sidads_ftp/DATASETS/nsidc0803_daily_a2_seaice_conc_v2/NSIDC-0803_SEAICE_AMSR2_N_20260802_v2.0.nc', '/disks/sidads_ftp/DATASETS/nsidc0803_daily_a2_seaice_conc_v2/NSIDC-0803_SEAICE_AMSR2_N_20260803_v2.0.nc', '/disks/sidads_ftp/DATASETS/nsidc0803_daily_a2_seaice_conc_v2/NSIDC-0803_SEAICE_AMSR2_N_20260804_v2.0.nc']"
2026,    08,  04,      6.369,      0.000,"['/disks/sidads_ftp/DATASETS/nsidc0803_daily_a2_seaice_conc_v2/NSIDC-0803_SEAICE_AMSR2_N_20260803_v2.0.nc', '/disks/sidads_ftp/DATASETS/nsidc0803_daily_a2_seaice_conc_v2/NSIDC-0803_SEAICE_AMSR2_N_20260804_v2.0.nc', '/disks/sidads_ftp/DATASETS/nsidc0803_daily_a2_seaice_conc_v2/NSIDC-0803_SEAICE_AMSR2_N_20260805_v2.0.nc']"
2026,    08,  05,      6.255,      0.000,"['/disks/sidads_ftp/DATASETS/nsidc0803_daily_a2_seaice_conc_v2/NSIDC-0803_SEAICE_AMSR2_N_20260804_v2.0.nc', '/disks/sidads_ftp/DATASETS/nsidc0803_daily_a2_seaice_conc_v2/NSIDC-0803_SEAICE_AMSR2_N_20260805_v2.0.nc', '/disks/sidads_ftp/DATASETS/nsidc0803_daily_a2_seaice_conc_v2/NSIDC-0803_SEAICE_AMSR2_N_20260806_v2.0.nc']"
2026,    08,  06,      6.180,      0.000, ['/disks/sidads_ftp/DATASETS/nsidc0803_daily_a2_seaice_conc_v2/NSIDC-0803_SEAICE_AMSR2_N_20260806_v2.0.nc']
2026,    08,  07,      6.131,      0.000,"['/disks/sidads_ftp/DATASETS/nsidc0803_daily_a2_seaice_conc_v2/NSIDC-0803_SEAICE_AMSR2_N_20260806_v2.0.nc', '/disks/sidads_ftp/DATASETS/nsidc0803_daily_a2_seaice_conc_v2/NSIDC-0803_SEAICE_AMSR2_N_20260807_v2.0.nc', '/disks/sidads_ftp/DATASETS/nsidc0803_daily_a2_seaice_conc_v2/NSIDC-0803_SEAICE_AMSR2_N_20260808_v2.0.nc']"
2026,    08,  08,      6.042,      0.000, ['/disks/sidads_ftp/DATASETS/nsidc0803_daily_a2_seaice_conc_v2/NSIDC-0803_SEAICE_AMSR2_N_20260808_v2.0.nc']
2026,    08,  09,      6.031,      0.000,"['/disks/sidads_ftp/DATASETS/nsidc0803_daily_a2_seaice_conc_v2/NSIDC-0803_SEAICE_AMSR2_N_20260808_v2.0.nc', '/disks/sidads_ftp/DATASETS/nsidc0803_daily_a2_seaice_conc_v2/NSIDC-0803_SEAICE_AMSR2_N_20260809_v2.0.nc', '/disks/sidads_ftp/DATASETS/nsidc0803_daily_a2_seaice_conc_v2/NSIDC-0803_SEAICE_AMSR2_N_20260810_v2.0.nc']"
2026,    08,  10,      5.896,      0.000,"['/disks/sidads_ftp/DATASETS/nsidc0803_daily_a2_seaice_conc_v2/NSIDC-0803_SEAICE_AMSR2_N_20260809_v2.0.nc', '/disks/sidads_ftp/DATASETS/nsidc0803_daily_a2_seaice_conc_v2/NSIDC-0803_SEAICE_AMSR2_N_20260810_v2.0.nc', '/disks/sidads_ftp/DATASETS/nsidc0803_daily_a2_seaice_conc_v2/NSIDC-0803_SEAICE_AMSR2_N_20260811_v2.0.nc']"
2026,    08,  11,      5.829,      0.000,"['/disks/sidads_ftp/DATASETS/nsidc0803_daily_a2_seaice_conc_v2/NSIDC-0803_SEAICE_AMSR2_N_20260810_v2.0.nc', '/disks/sidads_ftp/DATASETS/nsidc0803_daily_a2_seaice_conc_v2/NSIDC-0803_SEAICE_AMSR2_N_20260811_v2.0.nc', '/disks/sidads_ftp/DATASETS/nsidc0803_daily_a2_seaice_conc_v2/NSIDC-0803_SEAICE_AMSR2_N_20260812_v2.0.nc']"
2026,    08,  12,      5.726,      0.000,"['/disks/sidads_ftp/DATASETS/nsidc0803_daily_a2_seaice_conc_v2/NSIDC-0803_SEAICE_AMSR2_N_20260811_v2.0.nc', '/disks/sidads_ftp/DATASETS/nsidc0803_daily_a2_seaice_conc_v2/NSIDC-0803_SEAICE_AMSR2_N_20260812_v2.0.nc', '/disks/sidads_ftp/DATASETS/nsidc0803_daily_a2_seaice_conc_v2/NSIDC-0803_SEAICE_AMSR2_N_20260813_v2.0.nc']"
2026,    08,  13,      5.676,      0.000, ['/disks/sidads_ftp/DATASETS/nsidc0803_daily_a2_seaice_conc_v2/NSIDC-0803_SEAICE_AMSR2_N_20260813_v2.0.nc']
2026,    08,  14,      5.513,      0.000,"['/disks/sidads_ftp/DATASETS/nsidc0803_daily_a2_seaice_conc_v2/NSIDC-0803_SEAICE_AMSR2_N_20260813_v2.0.nc', '/disks/sidads_ftp/DATASETS/nsidc0803_daily_a2_seaice_conc_v2/NSIDC-0803_SEAICE_AMSR2_N_20260814_v2.0.nc', '/disks/sidads_ftp/DATASETS/nsidc0803_daily_a2_seaice_conc_v2/NSIDC-0803_SEAICE_AMSR2_N_20260815_v2.0.nc']"
2026,    08,  15,      5.354,      0.000, ['/disks/sidads_ftp/DATASETS/nsidc0803_daily_a2_seaice_conc_v2/NSIDC-0803_SEAICE_AMSR2_N_20260815_v2.0.nc']
2026,    08,  16,      5.334,      0.000,"['/disks/sidads_ftp/DATASETS/nsidc0803_daily_a2_seaice_conc_v2/NSIDC-0803_SEAICE_AMSR2_N_20260815_v2.0.nc', '/disks/sidads_ftp/DATASETS/nsidc0803_daily_a2_seaice_conc_v2/NSIDC-0803_SEAICE_AMSR2_N_20260816_v2.0.nc']"
2026,    08,  17,      5.382,      0.000, ['/disks/sidads_ftp/DATASETS/nsidc0803_daily_a2_seaice_conc_v2/NSIDC-0803_SEAICE_AMSR2_N_20260817_v2.0.nc']
2026,    08,  18,      5.414,      0.000,"['/disks/sidads_ftp/DATASETS/nsidc0803_daily_a2_seaice_conc_v2/NSIDC-0803_SEAICE_AMSR2_N_20260817_v2.0.nc', '/disks/sidads_ftp/DATASETS/nsidc0803_daily_a2_seaice_conc_v2/NSIDC-0803_SEAICE_AMSR2_N_20260818_v2.0.nc', '/disks/sidads_ftp/DATASETS/nsidc0803_daily_a2_seaice_conc_v2/NSIDC-0803_SEAICE_AMSR2_N_20260819_v2.0.nc']"
2026,    08,  19,      5.387,      0.000,"['/disks/sidads_ftp/DATASETS/nsidc0803_daily_a2_seaice_conc_v2/NSIDC-0803_SEAICE_AMSR2_N_20260818_v2.0.nc', '/disks/sidads_ftp/DATASETS/nsidc0803_daily_a2_seaice_conc_v2/NSIDC-0803_SEAICE_AMSR2_N_20260819_v2.0.nc', '/disks/sidads_ftp/DATASETS/nsidc0803_daily_a2_seaice_conc_v2/NSIDC-0803_SEAICE_AMSR2_N_20260820_v2.0.nc']"
2026,    08,  20,      5.303,      0.000,"['/disks/sidads_ftp/DATASETS/nsidc0803_daily_a2_seaice_conc_v2/NSIDC-0803_SEAICE_AMSR2_N_20260819_v2.0.nc', '/disks/sidads_ftp/DATASETS/nsidc0803_daily_a2_seaice_conc_v2/NSIDC-0803_SEAICE_AMSR2_N_20260820_v2.0.nc', '/disks/sidads_ftp/DATASETS/nsidc0803_daily_a2_seaice_conc_v2/NSIDC-0803_SEAICE_AMSR2_N_20260821_v2.0.nc']"
2026,    08,  21,      5.265,      0.000,"['/disks/sidads_ftp/DATASETS/nsidc0803_daily_a2_seaice_conc_v2/NSIDC-0803_SEAICE_AMSR2_N_20260820_v2.0.nc', '/disks/sidads_ftp/DATASETS/nsidc0803_daily_a2_seaice_conc_v2/NSIDC-0803_SEAICE_AMSR2_N_20260821_v2.0.nc', '/disks/sidads_ftp/DATASETS/nsidc0803_daily_a2_seaice_conc_v2/NSIDC-0803_SEAICE_AMSR2_N_20260822_v2.0.nc']"
2026,    08,  22,      5.117,      0.000, ['/disks/sidads_ftp/DATASETS/nsidc0803_daily_a2_seaice_conc_v2/NSIDC-0803_SEAICE_AMSR2_N_20260822_v2.0.nc']
2026,    08,  23,      5.107,      0.000,"['/disks/sidads_ftp/DATASETS/nsidc0803_daily_a2_seaice_conc_v2/NSIDC-0803_SEAICE_AMSR2_N_20260822_v2.0.nc', '/disks/sidads_ftp/DATASETS/nsidc0803_daily_a2_seaice_conc_v2/NSIDC-0803_SEAICE_AMSR2_N_20260823_v2.0.nc', '/disks/sidads_ftp/DATASETS/nsidc0803_daily_a2_seaice_conc_v2/NSIDC-0803_SEAICE_AMSR2_N_20260824_v2.0.nc']"
2026,    08,  24,      5.087,      0.000, ['/disks/sidads_ftp/DATASETS/nsidc0803_daily_a2_seaice_conc_v2/NSIDC-0803_SEAICE_AMSR2_N_20260824_v2.0.nc']
2026,    08,  25,      4.998,      0.000,"['/disks/sidads_ftp/DATASETS/nsidc0803_daily_a2_seaice_conc_v2/NSIDC-0803_SEAICE_AMSR2_N_20260824_v2.0.nc', '/disks/sidads_ftp/DATASETS/nsidc0803_daily_a2_seaice_conc_v2/NSIDC-0803_SEAICE_AMSR2_N_20260825_v2.0.nc', '/disks/sidads_ftp/DATASETS/nsidc0803_daily_a2_seaice_conc_v2/NSIDC-0803_SEAICE_AMSR2_N_20260826_v2.0.nc']"
2026,    08,  26,      4.983,      0.000,"['/disks/sidads_ftp/DATASETS/nsidc0803_daily_a2_seaice_conc_v2/NSIDC-0803_SEAICE_AMSR2_N_20260825_v2.0.nc', '/disks/sidads_ftp/DATASETS/nsidc0803_daily_a2_seaice_conc_v2/NSIDC-0803_SEAICE_AMSR2_N_20260826_v2.0.nc', '/disks/sidads_ftp/DATASETS/nsidc0803_daily_a2_seaice_conc_v2/NSIDC-0803_SEAICE_AMSR2_N_20260827_v2.0.nc']"
2026,    08,  27,      5.028,      0.000,"['/disks/sidads_ftp/DATASETS/nsidc0803_daily_a2_seaice_conc_v2/NSIDC-0803_SEAICE_AMSR2_N_20260826_v2.0.nc', '/disks/sidads_ftp/DATASETS/nsidc0803_daily_a2_seaice_conc_v2/NSIDC-0803_SEAICE_AMSR2_N_20260827_v2.0.nc', '/disks/sidads_ftp/DATASETS/nsidc0803_daily_a2_seaice_conc_v2/NSIDC-0803_SEAICE_AMSR2_N_20260828_v2.0.nc']"
2026,    08,  28,      4.960,      0.000,"['/disks/sidads_ftp/DATASETS/nsidc0803_daily_a2_seaice_conc_v2/NSIDC-0803_SEAICE_AMSR2_N_20260827_v2.0.nc', '/disks/sidads_ftp/DATASETS/nsidc0803_daily_a2_seaice_conc_v2/NSIDC-0803_SEAICE_AMSR2_N_20260828_v2.0.nc', '/disks/sidads_ftp/DATASETS/nsidc0803_daily_a2_seaice_conc_v2/NSIDC-0803_SEAICE_AMSR2_N_20260829_v2.0.nc']"
2026,    08,  29,      4.911,      0.000, ['/disks/sidads_ftp/DATASETS/nsidc0803_daily_a2_seaice_conc_v2/NSIDC-0803_SEAICE_AMSR2_N_20260829_v2.0.nc']
2026,    08,  30,      4.849,      0.000,"['/disks/sidads_ftp/DATASETS/nsidc0803_daily_a2_seaice_conc_v2/NSIDC-0803_SEAICE_AMSR2_N_20260829_v2.0.nc', '/disks/sidads_ftp/DATASETS/nsidc0803_daily_a2_seaice_conc_v2/NSIDC-0803_SEAICE_AMSR2_N_20260830_v2.0.nc', '/disks/sidads_ftp/DATASETS/nsidc0803_daily_a2_seaice_conc_v2/NSIDC-0803_SEAICE_AMSR2_N_20260831_v2.0.nc']"
2026,    08,  31,      4.838,      0.000, ['/disks/sidads_ftp/DATASETS/nsidc0803_daily_a2_seaice_conc_v2/NSIDC-0803_SEAICE_AMSR2_N_20260831_v2.0.nc']
2026,    09,  01,      4.733,      0.000,"['/disks/sidads_ftp/DATASETS/nsidc0803_daily_a2_seaice_conc_v2/NSIDC-0803_SEAICE_AMSR2_N_20260831_v2.0.nc', '/disks/sidads_ftp/DATASETS/nsidc0803_daily_a2_seaice_conc_v2/NSIDC-0803_SEAICE_AMSR2_N_20260901_v2.0.nc', '/disks/sidads_ftp/DATASETS/nsidc0803_daily_a2_seaice_conc_v2/NSIDC-0803_SEAICE_AMSR2_N_20260902_v2.0.nc']"
2026,    09,  02,      4.674,      0.000, ['/disks/sidads_ftp/DATASETS/nsidc0803_daily_a2_seaice_conc_v2/NSIDC-0803_SEAICE_AMSR2_N_20260902_v2.0.nc']
2026,    09,  03,      4.656,      0.000,"['/disks/sidads_ftp/DATASETS/nsidc0803_daily_a2_seaice_conc_v2/NSIDC-0803_SEAICE_AMSR2_N_20260902_v2.0.nc', '/disks/sidads_ftp/DATASETS/nsidc0803_daily_a2_seaice_conc_v2/NSIDC-0803_SEAICE_AMSR2_N_20260903_v2.0.nc', '/disks/sidads_ftp/DATASETS/nsidc0803_daily_a2_seaice_conc_v2/NSIDC-0803_SEAICE_AMSR2_N_20260904_v2.0.nc']"
2026,    09,  04,      4.690,      0.000,"['/disks/sidads_ftp/DATASETS/nsidc0803_daily_a2_seaice_conc_v2/NSIDC-0803_SEAICE_AMSR2_N_20260903_v2.0.nc', '/disks/sidads_ftp/DATASETS/nsidc0803_daily_a2_seaice_conc_v2/NSIDC-0803_SEAICE_AMSR2_N_20260904_v2.0.nc', '/disks/sidads_ftp/DATASETS/nsidc0803_daily_a2_seaice_conc_v2/NSIDC-0803_SEAICE_AMSR2_N_20260905_v2.0.nc']"
2026,    09,  05,      4.668,      0.000, ['/disks/sidads_ftp/DATASETS/nsidc0803_daily_a2_seaice_conc_v2/NSIDC-0803_SEAICE_AMSR2_N_20260905_v2.0.nc']
2026,    09,  06,      4.632,      0.000,"['/disks/sidads_ftp/DATASETS/nsidc0803_daily_a2_seaice_conc_v2/NSIDC-0803_SEAICE_AMSR2_N_20260905_v2.0.nc', '/disks/sidads_ftp/DATASETS/nsidc0803_daily_a2_seaice_conc_v2/NSIDC-0803_SEAICE_AMSR2_N_20260906_v2.0.nc', '/disks/sidads_ftp/DATASETS/nsidc0803_daily_a2_seaice_conc_v2/NSIDC-0803_SEAICE_AMSR2_N_20260907_v2.0.nc']"
2026,    09,  07,      4.596,      0.000, ['/disks/sidads_ftp/DATASETS/nsidc0803_daily_a2_seaice_conc_v2/NSIDC-0803_SEAICE_AMSR2_N_20260907_v2.0.nc']
2026,    09,  08,      4.590,      0.000,"['/disks/sidads_ftp/DATASETS/nsidc0803_daily_a2_seaice_conc_v2/NSIDC-0803_SEAICE_AMSR2_N_20260907_v2.0.nc', '/disks/sidads_ftp/DATASETS/nsidc0803_daily_a2_seaice_conc_v2/NSIDC-0803_SEAICE_AMSR2_N_20260908_v2.0.nc', '/disks/sidads_ftp/DATASETS/nsidc0803_daily_a2_seaice_conc_v2/NSIDC-0803_SEAICE_AMSR2_N_20260909_v2.0.nc']"
2026,    09,  09,      4.615,      0.000, ['/disks/sidads_ftp/DATASETS/nsidc0803_daily_a2_seaice_conc_v2/NSIDC-0803_SEAICE_AMSR2_N_20260909_v2.0.nc']
2026,    09,  10,      4.609,      0.000,"['/disks/sidads_ftp/DATASETS/nsidc0803_daily_a2_seaice_conc_v2/NSIDC-0803_SEAICE_AMSR2_N_20260909_v2.0.nc', '/disks/sidads_ftp/DATASETS/nsidc0803_daily_a2_seaice_conc_v2/NSIDC-0803_SEAICE_AMSR2_N_20260910_v2.0.nc', '/disks/sidads_ftp/DATASETS/nsidc0803_daily_a2_seaice_conc_v2/NSIDC-0803_SEAICE_AMSR2_N_20260911_v2.0.nc']"
2026,    09,  11,      4.600,      0.000,"['/disks/sidads_ftp/DATASETS/nsidc0803_daily_a2_seaice_conc_v2/NSIDC-0803_SEAICE_AMSR2_N_20260910_v2.0.nc', '/disks/sidads_ftp/DATASETS/nsidc0803_daily_a2_seaice_conc_v2/NSIDC-0803_SEAICE_AMSR2_N_20260911_v2.0.nc', '/disks/sidads_ftp/DATASETS/nsidc0803_daily_a2_seaice_conc_v2/NSIDC-0803_SEAICE_AMSR2_N_20260912_v2.0.nc']"
2026,    09,  12,      4.574,      0.000, ['/disks/sidads_ftp/DATASETS/nsidc0803_daily_a2_seaice_conc_v2/NSIDC-0803_SEAICE_AMSR2_N_20260912_v2.0.nc']
2026,    09,  13,      4.595,      0.000,"['/disks/sidads_ftp/DATASETS/nsidc0803_daily_a2_seaice_conc_v2/NSIDC-0803_SEAICE_AMSR2_N_20260912_v2.0.nc', '/disks/sidads_ftp/DATASETS/nsidc0803_daily_a2_seaice_conc_v2/NSIDC-0803_SEAICE_AMSR2_N_20260913_v2.0.nc', '/disks/sidads_ftp/DATASETS/nsidc0803_daily_a2_seaice_conc_v2/NSIDC-0803_SEAICE_AMSR2_N_20260914_v2.0.nc']"
2026,    09,  14,      4.651,      0.000, ['/disks/sidads_ftp/DATASETS/nsidc0803_daily_a2_seaice_conc_v2/NSIDC-0803_SEAICE_AMSR2_N_20260914_v2.0.nc']
2026,    09,  15,      4.724,      0.000,"['/disks/sidads_ftp/DATASETS/nsidc0803_daily_a2_seaice_conc_v2/NSIDC-0803_SEAICE_AMSR2_N_20260914_v2.0.nc', '/disks/sidads_ftp/DATASETS/nsidc0803_daily_a2_seaice_conc_v2/NSIDC-0803_SEAICE_AMSR2_N_20260915_v2.0.nc', '/disks/sidads_ftp/DATASETS/nsidc0803_daily_a2_seaice_conc_v2/NSIDC-0803_SEAICE_AMSR2_N_20260916_v2.0.nc']"
2026,    09,  16,      4.656,      0.000, ['/disks/sidads_ftp/DATASETS/nsidc0803_daily_a2_seaice_conc_v2/NSIDC-0803_SEAICE_AMSR2_N_20260916_v2.0.nc']
2026,    09,  17,      4.634,      0.000,"['/disks/sidads_ftp/DATASETS/nsidc0803_daily_a2_seaice_conc_v2/NSIDC-0803_SEAICE_AMSR2_N_20260916_v2.0.nc', '/disks/sidads_ftp/DATASETS/nsidc0803_daily_a2_seaice_conc_v2/NSIDC-0803_SEAICE_AMSR2_N_20260917_v2.0.nc', '/disks/sidads_ftp/DATASETS/nsidc0803_daily_a2_seaice_conc_v2/NSIDC-0803_SEAICE_AMSR2_N_20260918_v2.0.nc']"
2026,    09,  18,      4.666,      0.000, ['/disks/sidads_ftp/DATASETS/nsidc0803_daily_a2_seaice_conc_v2/NSIDC-0803_SEAICE_AMSR2_N_20260918_v2.0.nc']
2026,    09,  19,      4.708,      0.000,"['/disks/sidads_ftp/DATASETS/nsidc0803_daily_a2_seaice_conc_v2/NSIDC-0803_SEAICE_AMSR2_N_20260918_v2.0.nc', '/disks/sidads_ftp/DATASETS/nsidc0803_daily_a2_seaice_conc_v2/NSIDC-0803_SEAICE_AMSR2_N_20260919_v2.0.nc', '/disks/sidads_ftp/DATASETS/nsidc0803_daily_a2_seaice_conc_v2/NSIDC-0803_SEAICE_AMSR2_N_20260920_v2.0.nc']"
2026,    09,  20,      4.709,      0.000,"['/disks/sidads_ftp/DATASETS/nsidc0803_daily_a2_seaice_conc_v2/NSIDC-0803_SEAICE_AMSR2_N_20260919_v2.0.nc', '/disks/sidads_ftp/DATASETS/nsidc0803_daily_a2_seaice_conc_v2/NSIDC-0803_SEAICE_AMSR2_N_20260920_v2.0.nc', '/disks/sidads_ftp/DATASETS/nsidc0803_daily_a2_seaice_conc_v2/NSIDC-0803_SEAICE_AMSR2_N_20260921_v2.0.nc']"
2026,    09,  21,      4.772,      0.000,"['/disks/sidads_ftp/DATASETS/nsidc0803_daily_a2_seaice_conc_v2/NSIDC-0803_SEAICE_AMSR2_N_20260920_v2.0.nc', '/disks/sidads_ftp/DATASETS/nsidc0803_daily_a2_seaice_conc_v2/NSIDC-0803_SEAICE_AMSR2_N_20260921_v2.0.nc', '/disks/sidads_ftp/DATASETS/nsidc0803_daily_a2_seaice_conc_v2/NSIDC-0803_SEAICE_AMSR2_N_20260922_v2.0.nc']"
2026,    09,  22,      4.868,      0.000,"['/disks/sidads_ftp/DATASETS/nsidc0803_daily_a2_seaice_conc_v2/NSIDC-0803_SEAICE_AMSR2_N_20260921_v2.0.nc', '/disks/sidads_ftp/DATASETS/nsidc0803_daily_a2_seaice_conc_v2/NSIDC-0803_SEAICE_AMSR2_N_20260922_v2.0.nc', '/disks/sidads_ftp/DATASETS/nsidc0803_daily_a2_seaice_conc_v2/NSIDC-0803_SEAICE_AMSR2_N_20260923_v2.0.nc']"
2026,    09,  23,      4.950,      0.000, ['/disks/sidads_ftp/DATASETS/nsidc0803_daily_a2_seaice_conc_v2/NSIDC-0803_SEAICE_AMSR2_N_20260923_v2.0.nc']
2026,    09,  24,      4.993,      0.000,"['/disks/sidads_ftp/DATASETS/nsidc0803_daily_a2_seaice_conc_v2/NSIDC-0803_SEAICE_AMSR2_N_20260923_v2.0.nc', '/disks/sidads_ftp/DATASETS/nsidc0803_daily_a2_seaice_conc_v2/NSIDC-0803_SEAICE_AMSR2_N_20260924_v2.0.nc', '/disks/sidads_ftp/DATASETS/nsidc0803_daily_a2_seaice_conc_v2/NSIDC-0803_SEAICE_AMSR2_N_20260925_v2.0.nc']"
2026,    09,  25,      5.169,      0.000,"['/disks/sidads_ftp/DATASETS/nsidc0803_daily_a2_seaice_conc_v2/NSIDC-0803_SEAICE_AMSR2_N_20260924_v2.0.nc', '/disks/sidads_ftp/DATASETS/nsidc0803_daily_a2_seaice_conc_v2/NSIDC-0803_SEAICE_AMSR2_N_20260925_v2.0.nc', '/disks/sidads_ftp/DATASETS/nsidc0803_daily_a2_seaice_conc_v2/NSIDC-0803_SEAICE_AMSR2_N_20260926_v2.0.nc']"
2026,    09,  26,      5.164,      0.000,"['/disks/sidads_ftp/DATASETS/nsidc0803_daily_a2_seaice_conc_v2/NSIDC-0803_SEAICE_AMSR2_N_20260925_v2.0.nc', '/disks/sidads_ftp/DATASETS/nsidc0803_daily_a2_seaice_conc_v2/NSIDC-0803_SEAICE_AMSR2_N_20260926_v2.0.nc', '/disks/sidads_ftp/DATASETS/nsidc0803_daily_a2_seaice_conc_v2/NSIDC-0803_SEAICE_AMSR2_N_20260927_v2.0.nc']"
2026,    09,  27,      5.228,      0.000,"['/disks/sidads_ftp/DATASETS/nsidc0803_daily_a2_seaice_conc_v2/NSIDC-0803_SEAICE_AMSR2_N_20260926_v2.0.nc', '/disks/sidads_ftp/DATASETS/nsidc0803_daily_a2_seaice_conc_v2/NSIDC-0803_SEAICE_AMSR2_N_20260927_v2.0.nc', '/disks/sidads_ftp/DATASETS/nsidc0803_daily_a2_seaice_conc_v2/NSIDC-0803_SEAICE_AMSR2_N_20260928_v2.0.nc']"
2026,    09,  28,      5.333,      0.000, ['/disks/sidads_ftp/DATASETS/nsidc0803_daily_a2_seaice_conc_v2/NSIDC-0803_SEAICE_AMSR2_N_20260928_v2.0.nc']
2026,    09,  29,      5.378,      0.000,"['/disks/sidads_ftp/DATASETS/nsidc0803_daily_a2_seaice_conc_v2/NSIDC-0803_SEAICE_AMSR2_N_20260928_v2.0.nc', '/disks/sidads_ftp/DATASETS/nsidc0803_daily_a2_seaice_conc_v2/NSIDC-0803_SEAICE_AMSR2_N_20260929_v2.0.nc', '/disks/sidads_ftp/DATASETS/nsidc0803_daily_a2_seaice_conc_v2/NSIDC-0803_SEAICE_AMSR2_N_20260930_v2.0.nc']"
2026,    09,  30,      5.478,      0.000, ['/disks/sidads_ftp/DATASETS/nsidc0803_daily_a2_seaice_conc_v2/NSIDC-0803_SEAICE_AMSR2_N_20260930_v2.0.nc']
2026,    10,  01,      5.650,      0.000,"['/disks/sidads_ftp/DATASETS/nsidc0803_daily_a2_seaice_conc_v2/NSIDC-0803_SEAICE_AMSR2_N_20260930_v2.0.nc', '/disks/sidads_ftp/DATASETS/nsidc0803_daily_a2_seaice_conc_v2/NSIDC-0803_SEAICE_AMSR2_N_20261001_v2.0.nc', '/disks/sidads_ftp/DATASETS/nsidc0803_daily_a2_seaice_conc_v2/NSIDC-0803_SEAICE_AMSR2_N_20261002_v2.0.nc']"
2026,    10,  02,      5.713,      0.000,"['/disks/sidads_ftp/DATASETS/nsidc0803_daily_a2_seaice_conc_v2/NSIDC-0803_SEAICE_AMSR2_N_20261001_v2.0.nc', '/disks/sidads_ftp/DATASETS/nsidc0803_daily_a2_seaice_conc_v2/NSIDC-0803_SEAICE_AMSR2_N_20261002_v2.0.nc']"
